Name,Price,Cpu,ScreenResolution,Ram,Memory,Gpu,OpSys,Weight
"HP 15s-du3611TU Core i3 11th Gen 15.6"" FHD Laptop","58,090৳",Intel Core i3-1125G4 ,"15.6 Inch FHD (1920 x 1080) Display FeaturesMicro-edge 
Anti-glare 
250 nits 
45% NTSC ",4GB(1X4GBREMOVABLE) ,SATA HDD 1 TB ,Intel UHD Graphics Shared ,Windows 11 Home ,Black 35.85 x 24.2 x 1.99 cm 1.75 kg 
"HP 250 G8 Core i3 11th Gen 15.6"" FHD Laptop","62,430৳",Intel Core i3-1115G4 ,"15.6 Inch IPS FHD (1920 x 1080) Display FeaturesAnti-Glare WLED 
250nits 
eDP micro-edge 
45% NTSC ",1X8GBREMOVABLE ,SATA HDD 1TB ,Intel UHD Graphics Shared ,Windows 10 Home ,Black 32.41 x 22.58 x 1.98 cm 1.47 kg 
"HP 15s-eq2171AU Ryzen 3 5300U 15.6"" FHD Laptop","64,600৳",AMD Ryzen 3 5300U ,"15.6 Inch FHD (1920 x 1080) Touch ScreenNo Display Featuresmicro-edge, anti-glare, 250 nits, 45% NTSC ",8GB(2X4GB) ,PCIe NVMe M.2 SSD 512 GB ,AMD Radeon Graphics Shared ,Windows 11 Home ,Spruce Blue 35.85 x 24.2 x 1.79 cm 1.69 kg 
"HP 15s-fq5486TU Core i3 12th Gen 15.6"" FHD Laptop","62,970৳",Intel Core i3-1215U ,"15.6 Inch IPS FHD (1920 x 1080) Display FeaturesMicro-edge 
Anti-glare 
250 nits 
45% NTSC ",1X4GBREMOVABLE ,PCIe NVMe M.2 SSD 256 GB ,Intel UHD Graphics Shared ,Windows 11 Home ,Black 35.85 x 24.2 x 1.79 cm Starting at 1.7 kg 
"HP 15s-fq5487TU Core i3 12th Gen 15.6"" FHD Laptop","67,310৳",Intel Core i3-1215U ,"15.6 Inch IPS FHD (1920 x 1080) Display FeaturesMicro-edge 
Anti-glare 
250 nits 
45% NTSC ",8GB ,PCIe NVMe M.2 SSD 256 GB ,Intel UHD Graphics Shared ,Windows 11 Home ,Silver 35.85 x 24.2 x 1.79 cm Starting at 1.7 kg 
"HP 15s-fq5786TU Core i3 12th Gen 15.6"" FHD Laptop","69,480৳",Intel Core i3-1215U ,"15.6 Inch IPS FHD (1920 x 1080) Display FeaturesMicro-edge
 Anti-glare 
250 nits 
45% NTSC ",1X8GBREMOVABLE ,PCIe NVMe M.2 SSD 512 GB ,Intel UHD Graphics Shared ,Windows 11 Home ,Silver 35.85 x 24.2 x 1.79 cm Starting at 1.7 kg 
"HP 15s-eq2690AU Ryzen 5 5500U 15.6"" FHD Laptop","72,740৳",AMD Ryzen 5 5500U ,"15.6"" FHD (1920 x 1080) Display FeaturesMicro-edge, 
Anti-glare 
250 nits 
45% NTSC Display ",8GBSD(2X4GB) ,PCIe NVMe SSD 512 GB ,AMD Radeon Graphics Shared ,Windows 10 Home ,Silver 35.85 x 24.2 x 1.79 cm 1.69 kg 
"HP 15s-du3561TU Core i5 11th Gen 15.6"" FHD Laptop","74,370৳",Intel Core i5-1135G7 ,"15.6 Inch FHD (1920 x 1080) Display FeaturesMicro-edge 
Anti-glare 
250 nits 
45% NTSC ",8GB(2X4GB) , SATA HDD 1 TB ,Intel Iris Xᵉ Graphics Shared ,Windows 11 Home Other Pre-installed SoftwaresMicrosoft Office Home & Student ,Silver 35.85 x 24.2 x 1.79 cm Starting at 1.7 kg 
"HP 15s-eq3234AU Ryzen 5 5625U 15.6"" FHD Laptop","74,370৳",AMD Ryzen 5 5625U ,"15.6"" diagonal. IPS FHD (1920 x 1080) Display FeaturesMicro-edge
Anti-glare
250 nits 
45% NTSC Display ",8GB(4GBX2) ,PCIe NVMe M.2 SSD 512 GB ,AMD Radeon Graphics Shared ,Windows 11 Home Other Pre-installed SoftwaresMS Office ,35.85 x 24.2 x 1.79 cm Starting at 1.7 kg 
"HP 14s-dq5445TU Core i5 12th Gen 14"" FHD Laptop","81,960৳",Intel Core i5-1235U ,"14 Inch IPS FHD (1920 x 1080) Display FeaturesMicro-edge 
BrightView 
250 nits 
45% NTSC Display ",8GB(4GBX2) ,PCIe NVMe M.2 SSD 512GB ,Intel Iris Xe Graphics Shared ,Windows 11 Home Other Pre-installed SoftwaresMicrosoft Office Home & Student ,Silver 32.4 x 22.5 x 1.79 cm 1.47kg 
"HP 15s-du3039TX Core i5 11th Gen MX450 2GB Graphics 15.6"" FHD Laptop","83,590৳",Intel Core i5-1135G7 ,"15.6 FHD (1920 x 1080) Touch ScreenNo Display Features diagonal, micro-edge, anti-glare, 250 nits, 45% NTSC ",8GB(2X4GB) ,SATA HDD 1TB ,Nvidia MX450 Graphics 2GB ,Windows 10 Home 64 Other Pre-installed SoftwaresMicrosoft Office Home & Student ,Silver 35.85 x 24.2 x 1.99 cm Starting at 1.75 kg 
"HP 15s-eq2335AU Ryzen 7 5700U 15.6"" FHD Laptop","84,670৳",AMD Ryzen 7 5700U ,"15.6 Inch FHD (1920 x 1080) Display FeaturesMicro-edge, 
Anti-glare
250 nits 
45% NTSC ",8GB(1X8GB) ,PCIe NVMe M.2 SSD 512 GB ,AMD Radeon Graphics Shared ,Windows 11 Home ,Spruce Blue 35.85 x 24.2 x 1.79 cm 1.69 kg 
"HP ProBook 440 G8 Core i5 11th Gen 14"" HD Laptop","93,300৳",Intel Core i5-1135G7 ,14 Inch LED HD (1366 x 768) Touch ScreenNo ,8GB ,PCIe NVMe M.2 SSD 512GB ,Intel Iris Xe Graphics Shared ,Fee DOS ,Silver 32.19 x 21.39 x 1.99 cm Starting at 1.38 kg 
HP Probook 450 G8 Core i5 11th Gen 512GB SSD 15.6 inch FHD Laptop,"92,524৳",Intel Core i5-1135G7 ,15.6 inch LED FHD (1920 x 1080) Touch ScreenNo ,8GB ,PCIe NVMe M.2 SSD 512GB ,Intel Iris Xe Graphics Shared ,Windows 11 ,Silver 35.94 x 23.67 x 1.98 cm  1.74 kg 
"HP ProBook 440 G8 Core i5 11th Gen 14"" FHD Laptop","94,400৳",Intel Core i5-1135G7 ,14 Inch LED  FHD (1920 x 1080) Touch ScreenNo ,8GB ,PCIe NVMe M.2 SSD 512GB ,Intel Iris Xe Graphics Shared ,Windows 10 Home ,Silver 32.19 x 21.39 x 1.99 cm Starting at 1.38 kg 
"HP ProBook 455 G9 Ryzen 5 5625U 15.6"" FHD Laptop","95,500৳",AMD Ryzen 5 5625U ,15.6 Inch IPS FHD (1920x1080) Touch ScreenNo ,8GB ,PCIe NVMe SSD 512GB ,AMD Radeon Graphics Shared ,Windows 11 Home ,Silver 14.14 x 9.2 x 0.78 in Starting at 3.83 lb 
"HP 15s-du3520TX Core i7 11th Gen MX450 2GB Graphics 15.6"" FHD Laptop","108,000৳",Intel Core i7-1165G7 ,15.6 Inch IPS FHD (1920 x 1080) Touch ScreenNo ,8GB ,PCIe NVMe M.2 SSD 512GB ,NVIDIA GeForce MX450 2 GB ,Windows 11 Home ,Silver 35.85 x 24.2 x 1.99 cm 1.75 kg 
"HP ProBook 440 G8 Core i7 11th Gen 14"" FHD Laptop With Windows 10 Pro","119,900৳",Intel Core i7-1165G7 ,14 Inch IPS FHD (1920 x 1080) Touch ScreenNo ,8GB ,PCIe NVMe M.2 SSD 512 GB ,Intel Iris Xe Graphics Shared ,Windows 10 Pro ,Silver 32.19 x 21.39 x 1.99 cm 1.38 kg 
"HP EliteBook 840 G8 Core i7 11th Gen 16GB RAM, 512GB SSD 14"" FHD Laptop","173,600৳",Intel Core i7 1165G7 ,14-inch FHD IPS LED Display 1920x1080 (WxH) FHD Display FeaturesAnti-Glare ,16GB ,SSD 512GB ,Intel Iris Xe Graphics Integrated ,Windows 10 Pro ,Silver 12.73 x 8.44 x 0.7 in 1.32 Kg 
"HP OMEN 16-c0456AX Ryzen 9 5900H RTX 3070 8GB Graphics 16.1"" FHD Gaming Laptop","259,900৳",AMD Ryzen 9 5900H ,16.1 Inch IPS  FHD (1920 x 1080) Touch ScreenNo ,16GB(2X8GB) ,PCIe NVMe TLC M.2 SSD 1TB ,NVIDIA GeForce RTX 3070 8 GB ,Windows 11 Home ,Mica Silver 36.92 x 24.8 x 2.3 cm Starting at 2.3 kg 
"HP ZBook Create G7 Core i7 10th Gen RTX 2070 8GB Graphics 15.6"" FHD Laptop","330,000৳",Intel Core i7-10750H ,15.6 Inch IPS FHD (1920 x 1080) Touch ScreenNo ,16GBSD ,PCIe NVMe TLC SED SSD 512 GB ,"Intel UHD Graphics
NVIDIA GeForce RTX 2070 with Max-Q Design 8 GB ",Windows 10 Pro 64bit Other Pre-installed SoftwaresMicrosoft Office Home & Student ,Turbo Silver 13.93 x 9.24 x 0.70 in (non touch) 4.23 lb 
"Dell Vostro 14 3400 Core i3 11th Gen 14"" HD Laptop Backlit Keyboard with 03 Years Warranty","54,450৳",Intel Core i3-1115G4 ,14 inch HD (1366 x 768) Touch ScreenNo Refresh Rate60 Hz ,4GB ,SATA Hard Drive 1TB ,Intel UHD Graphics Shared ,Free DOS ,"Black Height: 0.71"" – 0.78"" (18.1 mm – 19.0 mm)
Width: 12.94"" (328.7 mm)
Depth: 9.43"" (239.5 mm) 1.59 kg (3.49 lb) "
"Dell Latitude 15-3520 Core i3 1115G4 15.6"" HD Laptop","58,520৳",Intel Core i3-1115G4 ,15.6 Inch LED HD (1366x768) Touch ScreenNo ,4GB ,SATA HDD 1TB ,Intel UHD Graphics Shared ,Free DOS ,Black 361.0 x 240.9 x 18.06mm 1.79 kg 
"Dell Inspiron 15 3525 Ryzen 3 5425U 15.6"" FHD Laptop","61,890৳",AMD Ryzen 3 5425U ,15.6 inch  FHD (1920 x 1080) Touch ScreenNo Refresh Rate120Hz ,8GB ,M.2 PCIe NVMe SSD 256GB ,AMD Radeon Graphics Shared ,Windows 11 Home ,"Black Height (front): 0.67 in. (16.96 mm)
Height (rear): 0.83 in. (21.07 mm)
Width: 14.11 in. (358.50 mm)
Depth: 9.27 in. (235.60 mm)  (minimum): 3.71 lbs (1.68 kg) "
"Dell Inspiron 15 3520 Core i3 12th Gen 15.6"" FHD Laptop","68,940৳",Intel Core i3-1215U ,15.6 inch FHD (1920 x 1080) Touch ScreenNo Refresh Rate120Hz ,8GBX1 ,M.2 PCIe NVMe SSD 512GB ,Intel UHD Graphics Shared ,Windows 11 ,"Platinum Silver (WARMLKN15ADL23051004PLASPP)
Carbon Black (WARMLKN15ADL23051004PLASPP) Height (front): 16.96 mm (0.67 in.)
Height (rear): 21.07 mm (0.83 in.)
Width: 358.50 mm (14.11 in.)
Depth: 235.56 mm (9.27 in.) 1.65 kg "
"Dell Inspiron 15 3525 Ryzen 5 5625U 15.6"" FHD Laptop","73,280৳",AMD Ryzen 5 5625U ,15.6 inch  FHD (1920 x 1080) Touch ScreenNo Refresh Rate120Hz ,8GB ,M.2 PCIe NVMe SSD 512GB ,AMD Radeon Graphics Shared ,Windows 11 Home ,"Black Height (front): 0.67 in. (16.96 mm)
Height (rear): 0.83 in. (21.07 mm)
Width: 14.11 in. (358.50 mm)
Depth: 9.27 in. (235.60 mm)  (minimum): 3.71 lbs (1.68 kg) "
"Dell Latitude 14 3420 Core i3 11th Gen 14"" FHD Laptop","75,600৳",Intel Core i3-1125G4 ,14 inch FHD (1920 x 1080) Touch ScreenNo Display FeaturesAG  220nits Display ,8GB ,M.2 PCIe NVMe SSD 256GB ,Intel UHD Graphics Shared ,Free DOS ,"Black Height: 0.69"" (17.6 mm)
Width: 12.83"" (326 mm)
Depth: 8.9"" (226 mm)  3.36lb (1.52kg) "
"Dell Inspiron 15 3520 Core i5 12th Gen 15.6"" FHD Laptop","84,130৳",Intel Core i5-1235U ,15.6 inch FHD (1920 x 1080) Touch ScreenNo Refresh Rate120Hz ,8GBX1 ,M.2 PCIe NVMe SSD 512GB ,Intel UHD Graphics Shared ,Windows 11 ,"Platinum Silver (WARMLKN15ADL23051010PLASPP)
Carbon Black (WARMLKN15ADL23051010PLASPP) Height (front): 16.96 mm (0.67 in.)
Height (rear): 21.07 mm (0.83 in.)
Width: 358.50 mm (14.11 in.)
Depth: 235.56 mm (9.27 in.) 1.65 kg "
"Dell Latitude 14 3420 Core i5 11th Gen 512GB SSD 14"" HD Laptop","88,000৳",Intel  Core i5-1145G7 ,"14 Inch HD (1366 x 768) Touch ScreenNo Display Features AG , 220nits Display ",8GB(1X8GB) , M.2 PCIe NVMe SSD 512GB ,Intel Iris Xe Graphics Shared ,Free DOS ,"Black Height: 0.69"" (17.6 mm)
Width: 12.83"" (326 mm)
Depth: 8.9"" (226 mm) 3.36lb (1.52kg) "
"Dell Inspiron 15 3511 Core i5 11th Gen 512GB SSD MX350 2GB Graphics 15.6"" FHD Laptop","88,970৳",Intel Core i5-1135G7 ,15.6 inch FHD (1920 x 1080) Touch ScreenNo Display FeaturesAnti-glare LED Backlight Non-Touch Narrow Border WVA Display ,8GB ,M.2 PCIe NVMe SSD 512GB ,NVIDIA GeForce MX350  2GB ,Windows 11 ,Platinum Silver Height (front): 17.50 mm x Height (rear): 18.99 mm x Width: 358.50 mm x Depth: 235.56 1.85 kg 
"Dell Inspiron 15 3525 Ryzen 7 5825U 15.6"" FHD Laptop","91,730৳",AMD Ryzen 7 5825U ,15.6 inch  FHD (1920 x 1080) Touch ScreenNo Refresh Rate120Hz ,8GB ,M.2 PCIe NVMe SSD 512GB ,AMD Radeon Graphics Shared ,Windows 11 Home ,"Silver Height (front): 0.67 in. (16.96 mm)
Height (rear): 0.83 in. (21.07 mm)
Width: 14.11 in. (358.50 mm)
Depth: 9.27 in. (235.60 mm)  (minimum): 3.71 lbs (1.68 kg) "
"Dell Inspiron 15 3520 Core i7 12th Gen 15.6"" FHD Laptop","101,490৳",Intel Core i7-1255U ,15.6 inch FHD (1920 x 1080) Touch ScreenNo Refresh Rate120Hz ,8GBX1 ,M.2 PCIe NVMe SSD 512GB ,Intel UHD Graphics Shared ,Windows 11 ,"Platinum Silver (WARMLKN15ADL23051013PLA) Height (front): 16.96 mm (0.67 in.)
Height (rear): 21.07 mm (0.83 in.)
Width: 358.50 mm (14.11 in.)
Depth: 235.56 mm (9.27 in.) 1.65 kg "
"Dell Vostro 14 3400 Core i7 11th Gen MX330 2GB Graphics 14"" FHD Laptop With Backlit Keyboard","103,660৳",Intel Core i7-1165G7 ,14.0 inch FHD (1920 x 1080) Touch ScreenNo Display FeaturesAnti-glare LED Backlight  Narrow Border WVA Display ,8GB ,M.2 PCIe NVMe Solid State Drive 512GB ,NVIDIA GeForce MX330 2GB ,Free DOS ,"Black
Silver Height: Front: 0.66"" (16.74 mm) Rear: 0.7"" (17.9 mm)
Width: 12.65"" (321.3 mm)
Depth: 8.51"" (216.2 mm) 3.03 lb (1.36 kg) "
"Dell Inspiron 15 3511 Core i7 11th Gen 512GB SSD MX350 2GB Graphics 15.6"" FHD Laptop","104,200৳",Intel Core i7-1165G7 ,15.6 inch FHD (1920 x 1080) Touch ScreenNo Display FeaturesAnti-glare LED Backlight Narrow Border WVA Display ,8GB ,M.2 PCIe NVMe SSD 512GB ,NVIDIA GeForce MX350 2GB ,Windows 10 Other Pre-installed SoftwaresOffice 365 home ,"Carbon Black
Mist Blue Speckle
Platinum Silver Height (front): 17.50 mm x Height (rear): 18.99 mm x Width: 358.50 mm x Depth: 235.56 1.85 kg "
"Dell Inspiron 15 5510 Core i7 11th Gen 15"" FHD Laptop","108,500৳",Intel Core i7-11390H ,15 inch FHD (1920 x 1080) Touch ScreenNo Display FeaturesAnti-glare LED Backlight Narrow Border WVA ,8GB(4GB+4GB) ,M.2 PCIe NVMe SSD 512GB ,Intel Iris Xe Graphics Shared ,Windows 10 Home ,"Platinum Silver Height (front): 14.6 mm (0.57"")
Height (rear): 17.99 mm (0.71"")
Width: 356.06 mm (14.02"")
Depth: 228.9 mm (9.01"") 1.633 kg (3.6 lb) "
"Dell Latitude 14 3420 Core i7 11th Gen 14"" FHD Laptop","116,100৳",Intel Core i7-1165G7 ,14 inch FHD (1920 x 1080) Touch ScreenNo Display FeaturesAG 250nits Display ,8GB ,M.2 PCIe NVMe SSD 512GB ,Intel Iris Xe Graphics Shared ,Free DOS ,"Black Height: 0.69"" (17.6 mm)
Width: 12.83"" (326 mm)
Depth: 8.9"" (226 mm) 3.36lb (1.52kg) "
"Dell Inspiron 16 5620 Core i7 12th Gen 16"" FHD+ Laptop","141,050৳",Intel Core i7-1255U ,16 inch WVA FHD+ (1920 x 1200) Touch ScreenNo ,16GB(2X8GB) ,M.2 PCIe NVMe SSD 512GB ,NVIDIA GeForce MX570 2GB ,Windows 11 Home ,"Platinum Silver Height: 0.62"" - 0.72"" (15.67mm - 18.3mm)
Width: 14.05"" (356.78 mm)
Depth: 9.92"" (251.9 mm) 4.12 lbs. (1.87 kg) Body MaterialAluminium exterior shell "
"Lenovo IdeaPad D330 10IGL Intel CDC N4020 10.1"" HD Touch Laptop","38,020৳",Intel Celeron N4020 ,10.1 Inch HD IPS LED Display 1280x800 (WxH) WXGA Touch ScreenYes ,4GB ,eMMC 5.1 SSD 128GB ,Intel UHD 600 Graphics Shared ,Genuine Win 10 home ,"Mineral Gray 249 x 178 x 9.5mm (Pad),
249 x 186 x 8.5 mm (Keyboard Dock) 1.13 Kg "
"Lenovo IdeaPad Slim 3i Celeron N4020 256GB SSD 15.6"" HD Laptop with 3 Years Warranty","38,890৳",Intel Celeron N4020 ,15.6 FHD (1920x1080 ) Touch ScreenNo Display FeaturesTN 220nits Anti-glare ,4GB ,NVMe PCIe SSD 256GB ,Intel UHD Graphics 600 Shared ,Windows 11 Home ,Platinum Grey 362.2 x 253.4 x 19.9 mm (14.26 x 9.98 x 0.78 inches) 1.7 kg (3.75 lbs) 
"Lenovo IdeaPad Slim 3i Celeron N4020 14"" FHD Laptop","38,890৳",Intel Celeron N4020 ,"14"" FHD FHD (1920x1080) Touch ScreenNo ",4GB ,NVMe PCIe SSD 256GB ,Intel UHD Graphics 600 Shared ,Windows 11 Home ,Platinum Grey 362.2 x 253.4 x 19.9 mm (14.26 x 9.98 x 0.78 inches) 1.7 kg (3.75 lbs) 
"Lenovo IdeaPad Slim 3i Core i3 10th Gen 15.6"" FHD Laptop","50,500৳",Intel Core i3-1005G1 ,15.6 Inch FHD (1920x1080) Touch ScreenNo Display FeaturesTN 220nits Anti-glare Display ,4GB ,M.2 2242 PCIe 3.0x2 NVMe SSD 256GB ,Intel UHD Graphics Shared ,Windows 11 Home ,Platinum Grey 1.7Kg 
"Lenovo V14 Core i3 11th Gen 14"" Full HD Laptop","57,750৳",Intel Core i3-1115G4 ,14.0 Inch FHD (1920x1080) Touch ScreenNo ,4GB ,SATA HDD 1TB ,Intel UHD Graphics Shared ,Free DOS ,Black 324.2 x 215.2 x 19.9mm 1.5kg / 3.3lbs 
"Lenovo IdeaPad Slim 3i 11th Gen Core i3 256GB SSD 15.6"" Full HD Laptop with Windows 11","57,010৳",Intel Core i3-1115G4 ,15.6 Inch FHD (1920×1080) Touch ScreenNo Display FeaturesTN 250nits Anti-glare ,4GB ,M.2 2242 PCIe 3.0x4 NVMe SSD 256GB ,Integrated Intel UHD Graphics Shared ,"Windows 11 Home 64, English ",ARCTIC GREY 359.2 x 236.5 x 19.9 mm (14.14 x 9.31 x 0.78 inches) 1.65 KG 
"Lenovo IdeaPad 1 15ADA7 AMD Ryzen 3 3250U 15.6"" FHD Laptop","57,010৳",AMD Ryzen 3 3250U ,"15.6"" TN FHD (1920 x 1080) Touch ScreenN/A ",8GB(4GBONBOARD+4GB) ,NVMe PCIe SSD 512GB ,AMD Radeon Graphics Shared ,Windows 11 Home ,Cloud Grey 360.2 x 236 x 17.9 mm 1.6 kg 
"Lenovo IdeaPad Slim 3i 11th Gen Core i3 8GB RAM 14"" FHD Laptop with Windows 11","61,350৳",Intel Core i3-1115G4 ,"14 Inch FHD (1920x1080) Touch ScreenNo Display FeaturesTN 250nits Anti-glare, 45% NTSC ",4GB+4GB=8GB(1X4GBONBOARD) ,M.2 2242 PCIe 3.0x4 NVMe SSD 256GB ,Integrated Intel UHD Graphics Shared ,Windows 11 Home ,ARCTIC GREY 324.2 x 215.7 x 19.9 mm (12.76 x 8.49 x 0.78 inches) 1.41 kg (3.1 lbs) 
"Lenovo K14 Core i3 11th Gen 14"" FHD Business Series Laptop","67,500৳",Intel Core i3-1115G4 ,14 Inch TN FHD (1920 x 1080) Touch ScreenNo ,8GB ,M.2 2242 PCIe TLC SSD 512GB ,Intel Iris Xe Shared ,Free Dos ,Black 
"Lenovo IdeaPad Slim 3i 11th Gen Core i5 15.6"" FHD IPS Display Laptop","76,540৳",Intel Core i5-1135G7 ,"15.6 Inch IPS FHD (1920 x 1080) Display Features200 nits, 45% NTSC ",8GB ,M.2 NVME SSD 512GB ,Intel Iris Xe Graphics Shared ,Windows 11 ,Arctic Grey 362.2 x 253.4 x 19.9mm / 14.26″ x 9.98″ x 0.78″ 1.65kg 
"Lenovo IdeaPad Slim 3i 11th Gen Core i5 15.6"" FHD Laptop with 3 Years Warranty","79,790৳",Intel Core i5-1135G7 ,"15.6 Inch IPS FHD (1920 x 1080) Display Features200 nits, 45% NTSC ",8GB ,M.2 NVME SSD 512GB ,Intel Iris Xe Graphics Shared ,Windows 11 ,Arctic Grey 362.2 x 253.4 x 19.9mm / 14.26″ x 9.98″ x 0.78″ 1.65kg 
"Lenovo IdeaPad Slim 3i 15ITL Core i5 11th Gen MX350 2GB Graphics 15.6"" FHD Laptop with 03 Years Warranty","85,220৳",Intel Core i5-1135G7 ,15.6 Inch FHD (1920 x 1080) Touch ScreenNo Display FeaturesTN 250nits Anti-glare (4 Sided Narrow Bezel) ,4GB+4GB=8GB ,M.2 NVME SSD 512GB ,NVIDIA GeForce MX350 2GB ,"Windows 11 Home 64, English ",Arctic Grey 1.65kg 
"Lenovo V14 Core i5 11th Gen 1TB SATA 14"" FHD Laptop","83,000৳",Intel Core i5-1135G7 ,14 Inch diagonal FHD LED LED (1920 x 1080) Touch ScreenNo ,8GB ,SATA 1TB ,Intel UHD Graphics Shared ,Free DOS ,Black 12.9″ x 9.5″ x 0.8″; 327.1mm x 241mm x 19.9mm 1.6 Kgs 
"Lenovo K14 Core i5 11th Gen 14"" FHD Business Series Laptop","82,500৳",Intel Core i5 1135G7 ,14 Inch TN FHD (1920 x 1080) Touch ScreenNo ,8GB ,M.2 2242 PCIe TLC SSD 512 GB ,Intel Iris Xe Shared ,Free Dos ,Black 
"Lenovo IdeaPad Slim 5i Core i5 11th Gen 256GB SSD 15.6"" FHD Laptop","90,100৳",Intel Core i5-1135G7 ,15.6  Inch IPS FHD (1920×1080) Touch ScreenNo ,8GB ,HDD + M.2 NVME SSD 1TB HDD+ 256GB M.2 NVME SSD ,NVIDIA MX450 2GB ,Windows 10 ,Grey 14.04″ x 9.18″ x 0.7″ / 356.67mm x 233.13mm x 17.9mm 1.66 KG 
"Lenovo IdeaPad Slim 5i Core i5 11th Gen 512GB SSD MX450 2GB Graphics 14"" FHD Laptop","89,560৳",Intel Core i5-1135G7 ,14 Inch IPS  FHD (1920×1080) Touch ScreenNo ,8GB ,M.2 NVME SSD 512GB ,NVIDIA MX450 2GB ,Windows 10 ,GRAPHITE GREY 321.57 x 211.59 x 17.9-19.9 mm (12.66 x 8.33 x 0.7-0.78 inches) 1.39 kg (3.06 lbs) 
"Lenovo ThinkPad E14 Gen 2 Core i5 11th Gen 14"" FHD Laptop","89,560৳",Intel Core i5-1135G7 ,14 Inch IPS FHD (1920 x 1080) Touch ScreenNo ,8GB ,M.2 2242 PCIe Gen3 TLC SDD 512GB ,Intel Iris Xe Graphics Shared ,FreeDOS ,"Black 17.9mm x 324mm x 220mm / 0.70"" x 12.75"" x 8.66"" 3.51 lbs (1.59 kg) "
"Lenovo IdeaPad Slim 5i Core i5 11th Gen 512GB SSD 14"" FHD Laptop","92,810৳",Intel Core i5-1135G7 ,14 Inch IPS  FHD (1920×1080) Touch ScreenNo ,16GB ,M.2 NVME SSD 512GB ,Intel IRIS Xe Shared ,Windows 10 ,GRAPHITE GREY 321.57 x 211.59 x 17.9-19.9 mm (12.66 x 8.33 x 0.7-0.78 inches) 1.39 kg (3.06 lbs) 
"Lenovo ThinkBook 14 Gen 2 ITL Core i5 11th Gen 512GB 14"" FHD Laptop","89,560৳",Intel Core i5-1135G7 ,14 Inch IPS FHD (1920 x 1080) Touch ScreenNo ,8GB ,M.2 2242 PCIe Gen3 TLC SDD 512GB ,Intel UHD Graphics Shared ,FreeDOS ,"Mineral Grey 17.9mm x 323mm x 218mm / 0.7"" x 12.71"" x 8.58"" Starting at 1.5kg "
"Lenovo IdeaPad Flex 5 Ryzen 7 4700U 14"" FHD Touch Laptop","96,570৳",AMD Ryzen Octa Core 7 4700U ,14.0 Inch IPS FHD (1920 x 1080) Touch ScreenYes ,8GB ,NVME SSD 512GB ,AMD Radeon Graphics Shared ,Windows 10 Home ,Graphite Grey 12.66 x 8.56 x 0.82 inches 3.63 lbs 
"Lenovo IdeaPad 5 Pro Ryzen 5 5600U 14"" 2.2K Laptop","99,320৳",AMD Ryzen 5 5600U ,14.0 inch IPS 2.2K (2240 x 1400) Touch ScreenNo ,16GB ,M.2 2242 PCIe 3.0×4 NVMe SSD 512GB ,AMD Radeon Graphics Shared ,Windows 11 Home 64 ,"Storm Grey 15.95-17.9mm x 312.21mm x 221mm / 0.63""-7"" x 12.29"" x 8.7"" 1.38kg / 3.04lbs "
"Lenovo IdeaPad Flex 5i Core i5 11th Gen 14"" FHD Touch Laptop with Windows 11","101,490৳",Intel Core i5-1135G7 ,14 Inch FHD (1920x1080) Touch ScreenYes (Multi-touch) Display FeaturesWVA 250nits Glossy 10-point ,8GB , M.2 2242 PCIe NVMe SSD 512GB ,Integrated Intel Iris Xe Graphics Shared ,Windows 11 Home ,"Gray 321.5 x 217.5 x 17.9 - 20.4 (mm) 1.5 kg (3.3 lbs) Body MaterialAluminium Anodizing Stamping
Aluminum (Top), PC + GF (Bottom) "
"Lenovo IdeaPad Gaming 3i 11th Gen Core i5 GTX1650 4GB Graphics 256GB SSD 15.6"" FHD Laptop","103,660৳",Intel Core i5-11300H ,15.6-inch IPS FHD (1920×1080) Touch ScreenNO ,8GB ,"HDD + NVME SSD 1TB HDD 
256GB SSD ",NVIDIA GeForce GTX 1650 4GB ,Windows 11 Home ,Onyx Black 359 x 249.6 x 24.9 mm (14.13 x 9.83 x 0.98 inches) 2.2 KG 
"Lenovo IdeaPad Flex 5i Core i5 11th Gen 14"" FHD Touch Laptop with 3 years Warranty","104,200৳",Intel Core i5-1135G7 ,14 Inch FHD (1920x1080) Touch ScreenYes (Multi-touch) Display FeaturesWVA 250nits Glossy 10-point ,8GB , M.2 2242 PCIe NVMe SSD 512GB ,Integrated Intel Iris Xe Graphics Shared ,Windows 11 Home ,"Gray 321.5 x 217.5 x 17.9 - 20.4 (mm) 1.5 kg (3.3 lbs) Body MaterialAluminium Anodizing Stamping
Aluminum (Top), PC + GF (Bottom) "
"Lenovo IdeaPad Flex 5 Ryzen 7 5700U 14"" FHD Touch Laptop","110,670৳",AMD Ryzen 7 5700U ,14 Inch IPS FHD (1920×1080) Touch Screen10-point Multi-touch ,1X16GBONBOARD ,M.2 2280 PCIe 3.0x4 NVMe SSD 512GB ,AMD Radeon Graphics Shared ,Windows 11 Home Other Pre-installed SoftwaresOffice Home and Student 2021 ,"Graphite Grey 321.5mm x 217.5mm x 17.9-20.8mm / 12.65″ x 8.56″ x 0.7-0.82″ 1.5 KG Body MaterialPC + ABS (Top), PC + GF (Bottom) "
"Lenovo IdeaPad Gaming 3i Core i5 11th Gen RTX 3050 4GB Graphics 15.6"" FHD Laptop","116,680৳",Intel Core i5-11300H ,"15.6"" FHD ",8GB ,M.2 2280 PCIe 3.0x4 NVMe SSD 512GB ,NVIDIA GeForce RTX 3050 4GB ,Win11 Home ,Shadow Black 359 x 249.6 x 24.9 mm (14.13 x 9.83 x 0.98 inches) 2.2 KG 
"Lenovo ThinkPad L14 Gen 3 Core i5 12th Gen 14"" FHD Business Laptop","116,500৳",Intel Core i5-1235U ,14 Inch IPS FHD (1920 x 1080) Touch ScreenNo ,8GB ,M.2 2242 PCIe Gen3 TLC SDD 512GB ,Intel Iris Xe Graphics Shared ,FreeDOS ,Black 
"Lenovo IdeaPad Slim 5i Pro Core i5 11th Gen MX450 2GB Graphics 16"" Laptop With 3 Years Warranty","129,700৳",Intel Core i5-11300H ,16 Inch 2.5K WQXGA IPS LED Display 2560x1600 Touch ScreenNo ,1X16GBREMOVABLE ,M.2 2242 PCIe 3.0×4 NVMe SSD 512GB ,Nvidia MX450 2GB ,Windows 11 Home ,"Storm Grey 356 x 251 x 16.9-18.4 mm (14.02 x 9.88 x 0.67-0.72 inches) Around 1.9 kg (4.19 lbs) Body MaterialAluminum (Top), Aluminium (Bottom) "
"Lenovo ThinkPad L14 Gen 3 Core i7 12th Gen 14"" FHD Business Laptop","132,500৳",Intel Core i7-1260P ,14 Inch IPS FHD (1920 x 1080) Touch ScreenNo ,8GB ,M.2 2242 PCIe Gen3 TLC SDD 512GB ,Intel Iris Xe Graphics Shared ,FreeDOS ,Black 
"Lenovo IdeaPad Gaming 3i Core i7 11th Gen GTX 1650 4GB Graphics 15.6"" FHD Laptop With 3 Years Warranty","144,890৳",Intel Core i7-11370H ,15.6 Inch IPS FHD (1920×1080) Touch ScreenNo ,16GB ,"M.2 2242 PCIe 3.0×4 NVMe SSD 7 &  2.5"" HDD 256GB  SSD
1TB  HDD ",NVIDIA GeForce GTX 1650 4GB ,Windows 11 Home ,Shadow Black 359 x 249.6 x 24.9 mm (14.13 x 9.83 x 0.98 inches) 2.25 kg (4.96 lbs) 
"Lenovo ThinkPad P14s Gen 2 Core i5 11th Gen 14"" FHD Business Laptop","158,500৳",Intel Core i5-1135G7 ,14 Inch IPS FHD (1920 x 1080) Touch ScreenNo ,8GB ,M.2 2242 PCIe Gen3 TLC SDD 512GB ,Integrated Intel UHD Graphics Shared ,FreeDOS ,Black 
"Lenovo YOGA Slim 7i Carbon Core i7 11th Gen 13.3"" Laptop","192,500৳",Intel Core i7-1165G7 ,13.3 Inch QHD WQXGA IPS Display QHD (2560x1600) Touch ScreenN/A ,16GB ,PCIe NVMe M.2 SSD 1TB SSD ,Intel Iris Xe Graphics Integrated ,Win-11 Home ,Moon White 295.88 x 208.85 x 14.25mm 0.966 Kg 
"Lenovo ThinkPad P14s Gen 2 Core i5 11th Gen T500 4GB Graphics Card 14"" FHD Business Laptop","190,500৳",Intel Core i5-1135G7 ,14 Inch IPS FHD (1920 x 1080) Touch ScreenNo ,16GB(8GBSOLDERED+8GBSO-DIMM) ,M.2 2242 PCIe Gen3 TLC SDD 512GB ,NVIDIA Quadro T500 4GB GDDR6 DirectX 12 4GB ,FreeDOS ,Black 
"Lenovo Legion Slim 7 15ACH6 AMD Ryzen 7 5800H RTX 3060 6GB Graphics 15.6"" WQHD Laptop","219,170৳",AMD Ryzen 7 5800H ,"15.6"" 2K WQHD IPS LED Display QHD (2560x1440) Touch ScreenN/A ",16GB ,NVMe PCIe 1TB SSD ,Nvidia RTX 3060 Graphics 6GB ,Win-11 Home ,"Shadow Black 356 x 252 x 18.9 mm 1.9 kg Body MaterialAluminum (top), aluminum (bottom) "
"Lenovo Legion 7 16ACHg6 Ryzen 7 5800H RTX 3080 16GB Graphics 16"" 165Hz Gaming Laptop","331,510৳",AMD Ryzen 7 5800H ,16 Inch IPS QHD (2560 x 1600) Touch ScreenNo ,16GB ,M.2 NVMe PCIe SSD 1TB ,NVIDIA GeForce RTX 3080 16GB ,Windows 11 Home ,Storm Grey 20.1-23.5mm x 356mm x 261.04mm 2.5kg 
"Lenovo Legion 7 16ACHg6 Ryzen 9 5900HX RTX 3080 16GB Graphics 16"" 165Hz Gaming Laptop","358,640৳",AMD Ryzen 9 5900HX ,16 Inch IPS QHD (2560 x 1600) Touch ScreenNo ,16GB ,M.2 NVMe PCIe SSD 1TB ,NVIDIA GeForce RTX 3080 16GB ,Windows 11 Home ,Storm Grey 20.1-23.5mm x 356mm x 261.04mm 2.5kg 
"Lenovo IdeaPad Slim 5i Pro Core i7 11th Gen MX450 2GB Graphics 14"" 2.2K Laptop","150,820৳",Intel Core i7 1165G7 ,"14"" 2.2K LED Display Full HD (2240x1400) Refresh Rate60 Hz ",16GB ,NVMe PCIe 512GB SSD ,Intel Iris Xe Graphics Integrated ,Win-11 Home ,Storm Grey 312.2 x 221 x 15.99 -17.99mm 1.41 Kg 
"Asus Vivobook X515MA Celeron N4020 15.6"" HD Laptop","43,400৳",Intel Celeron Processor N4020 ,15.6 inch HD (1366 x 768) Touch ScreenNo Display Features16:9 aspect ratio ,4GB ,HDD 1TB ,Intel UHD Graphics 600 Shared ,Windows 11 Home ,"Transparent Silver (BR763W-X515MA)
Slate Gray (BR662W-X515MA) 1.80 kg "
Asus P1511CMA Intel Celeron N4020 15.6-Inch HD Laptop,"43,440৳",Intel Celeron Processor N4020 ,"15.6 inch HD (1366 x 768) Touch ScreenNo Display FeaturesBrightness: 200nits, Aspect Ratio: 16:9, Color gamut: 45% NTSC, LED Backlit ",4GB ,HDD 1TB ,Intel UHD Graphics 600 Shared ,Windows 11 Home ,Slate Grey 36.02 x 23.49 x 1.99 ~ 1.99 cm 1.80 kg 
"Asus Vivobook X515KA Celeron N4500 15.6"" HD Laptop","42,900৳",Intel Celeron N4500 Processor ,15.6-inch HD (1366 x 768) Touch ScreenNo Display FeaturesAspect ratio 16:9 ,4GB ," 2.5"" HDD 1TB ",Intel UHD Graphics 600 Shared ,Windows 11 Home ,"Transparent Silver (BR105W-X515KA)
Slate Gray (BR104W-X515KA) 1.80 kg "
"Asus Vivobook X515KA Celeron N4500 15.6"" FHD Laptop","45,070৳",Intel Celeron N4500 Processor ,15.6-inch HD (1366 x 768) Touch ScreenNo Display FeaturesAspect ratio 16:9 ,4GB ," 2.5"" HDD 1TB ",Intel UHD Graphics Shared ,Windows 11 Home ,"Slate Grey (EJ149W-X515KA)
Transparent Silver (EJ150W-X515KA) 1.80 kg "
"Asus Vivobook X515MA Celeron N4020 15.6"" FHD Laptop","45,070৳",Intel Celeron Processor N4020 ,15.6 Inch IPS 1920x1080 Touch ScreenNo ,4GB ,SATA lll HDD 1TB ,Intel HD Graphics Shared ,Window 10 ,"Slate Gray (BQ676W)
Transparent Silver (BQ675W) 1.7 kg "
"Asus Vivobook X515MA Celeron N4500 15.6"" HD Laptop","45,650৳",Intel Celeron N4500 Processor ,15.6 Inch HD (1366 x 768) Touch ScreenNo Display FeaturesAspect ratio 16:9 ,4GB ,"SATA  2.5"" HDD 1TB ",Intel UHD Graphics 600 Shared ,Windows 11 Home ,Transparent Silver (BQ635T-X515MA) 1.80 kg 
"Asus VivoBook 15 X515FA Core i3 10th Gen 15.6"" FHD Laptop","49,830৳",Intel Core i3-10110U ,"15.6-inch FHD (1920 x 1080) Touch ScreenNo Display Features16:9, LED Backlit, 200nits, NTSC: 45%, Anti-glare display, Screen-to-body ratio: 83 % ",4GB ,SATA HDD 1TB ,Intel UHD Graphics Shared ,Windows 11 Home ,"Slate Grey (EJ223W)
Transparent Silver (EJ222W) 36.02 x 23.49 x 1.99 ~ 1.99 cm (14.18"" x 9.25"" x 0.78"" ~ 0.78"") 1.80 kg (3.97 lbs) "
"Asus Vivobook E410MA Celeron N4020 14"" HD Laptop","48,330৳",Intel Celeron Processor N4020 ,14 LED HD (1366X768) Touch ScreenNo ,4GB , PCIEG3 SSD 256GB ,Integrated Intel UHD Shared ,Windows 11 ,PEACOCK BLUE 32.54 x 21.60 x 1.99 ~ 1.99 cm 1.60 kg (3.53 lbs) 
"Asus VivoBook 14 X415FA Core i3 10th Gen 256GB SSD 14"" FHD Laptop","49,410৳",Intel Core i3 10110U ,"14.0 Inch  FHD (1920X 1080) Touch ScreenNo Display FeaturesLED BACKLIT DISPLAY 16:9, ANTI-GRARE DISPLAY, 250 NITS, 45% NTSC, 84% SCREEN-TO-BODY RATIO ",4GB ,NVMe PCIe 256GB SSD ,Intel UHD Graphics Shared ,Windows 11 Home ,Slate Grey (EK120W-X415FA) 325.4 x 216 x 19.9mm 1.60 kg 
"ASUS VivoBook 15 X515JA Core i3 10th Gen 15.6"" FHD Laptop","49,950৳",Intel Core i3-1005G1 ,"15.6 Inch FHD (1920x1080) Display Features16:9, Anti-glare display, LED Backlit, 200nits, NTSC: 45%, Screen-to-body ratio: 83 % ",4GB ,HDD 1TB ,Intel UHD Graphics Shared ,Windows 11 ,"Slate Grey 36.02 x 23.49 x 1.99 ~ 1.99 cm (14.18"" x 9.25"" x 0.78"" ~ 0.78"") 1.80 kg (3.97 lbs) "
"Asus VivoBook 15 E510MA Intel Celeron N4020 15.6"" FHD Laptop","49,910৳",Intel Celeron Dual Core N4020 ,"15.6-inch FHD (1920 x 1080) Touch ScreenNo Display Features16:9,Anti-glare display,LED Backlit,200nits,NTSC: 45%,Screen-to-body ratio: 84％ ",4GB ,PCIe G3 SSD 512GB ,Intel UHD Graphics 600 Shared ,Windows 10 Home ,Star Black 360.2 x 236.4 x 18.1 - 18.1mm 1.57 kg 
"Asus VivoBook 14 X415FA Core i3 10th Gen 14"" FHD Laptop","49,950৳",Intel Core i3 10110U ,14.0 Inch IPS-LEVEL  FHD (1920X 1080) Touch ScreenNo ,4GB ,SATA HDD 1TB ,Intel UHD Graphics Shared ,Windows 11 Home ,Slate Grey (EK120W-X415FA) 325.4 x 216 x 19.9mm 1.60 kg 
"Asus VivoBook 15 E510MA Celeron N4020 15.6"" FHD Laptop with Fingerprint","49,410৳",Intel Celeron Dual Core N4020 ,"15.6-inch FHD (1920 x 1080) Touch ScreenNo Display Features16:9,Anti-glare display, LED Backlit,200nits,NTSC: 45%,Screen-to-body ratio: 84 ％ ",4GB ,PCIe G3 SSD 512GB ,Intel UHD Graphics 600 Shared ,Windows 11 Home ,Star Black 360.2 x 236.4 x 18.1 - 18.1mm 1.57 kg 
"Asus VivoBook 15 R565FA Core i3 10th Gen 15.6"" HD Laptop","50,280৳",Intel Core i3-10110U ,"15.6-inch  HD (1366 x 768) Touch ScreenNo Display Features16:9 aspect ratio, LED Backlit, 200nits, NTSC: 45%, Anti-glare display, Screen-to-body ratio: 83 % ",4GB ,SATA  HDD 1TB ,Intel UHD Graphics Shared ,Windows 11 Home ,"Slate Grey 36.02 x 23.49 x 1.99 ~ 1.99 cm (14.18"" x 9.25"" x 0.78"" ~ 0.78"") 1.80 kg (3.97 lbs) "
"ASUS VivoBook 15 X515JA Core i3 10th Gen 8GB RAM 15.6"" FHD Laptop","51,580৳",Intel Core i3-1005G1 ,"15.6 Inch FHD (1920x1080) Display Features16:9, Anti-glare display, LED Backlit, 200nits, NTSC: 45%, Screen-to-body ratio: 83 % ",8GB ,HDD 1TB ,Intel UHD Graphics Shared ,Windows 11 ,"Slate Grey 36.02 x 23.49 x 1.99 ~ 1.99 cm (14.18"" x 9.25"" x 0.78"" ~ 0.78"") 1.80 kg (3.97 lbs) "
"ASUS VivoBook 15 X515EA Core i3 11th Gen 15.6"" FHD WV Laptop","55,380৳",Intel Core i3-1115G4 ,15.6-inch IPS FHD (1920 x 1080) Touch ScreenNo ,4GB ,SATA HDD 1TB ,Intel UHD Graphics Shared ,Windows 11 Home ,"PEACOCK BLUE (BQ2315W-X515EA)
SLATE GREY (BQ2316W-X515EA) 36.02 x 23.49 x 1.99 ~ 1.99 cm (14.18"" x 9.25"" x 0.78"" ~ 0.78"") 1.80 kg (3.97 lbs) Body MaterialABS Plastic "
"ASUS VivoBook 15 X515EA Core i3 11th Gen 15.6"" FHD Laptop","55,380৳",Intel Core i3-1115G4 ,15.6-inch IPS FHD (1920 x 1080) Touch ScreenNo ,4GB ,HDD 1TB ,Intel UHD Graphics Shared ,Windows 11 Home ,"T. SILVER (EJ2453W-X515EA)
SLATE GREY (EJ2454W-X515EA)
PEACOCK BLUE (EJ2455W-X515EA) 36.02 x 23.49 x 1.99 ~ 1.99 cm (14.18"" x 9.25"" x 0.78"" ~ 0.78"") 1.80 kg (3.97 lbs) Body MaterialABS Plastic "
"ASUS ExpertBook L1 L1400CDA Ryzen 3 3250U 14"" FHD Laptop","55,640৳",AMD Ryzen 3 3250U ,"14-inch FHD (1920 x 1080) Touch ScreenNo Display Features16:9,Anti-glare display,220nits,NTSC: 45% ",4GB ,M.2 NVMe PCIe 3.0 SSD 512GB ,AMD Radeon Graphics Shared ,Free DOS ,Star Black 35.80 x 23.65 x 1.94 ~ 1.94 cm 1.75 kg (With Battery) 
ASUS D415DA Ryzen 3 3250U 14-inch HD Laptop,"54,840৳",AMD Ryzen 3 3250U ,14 Inch HD (1366 x 768) Touch ScreenNo Refresh Rate60Hz ,4GB ,1TB HDD HDD RPM5400RPM ,AMD Radeon VEGA3 Graphics Shared ,Windows 11 Home ,SLATE GREY 325.4 x 216.0 x 19.9mm 1.60 kg 
"ASUS VivoBook 15 M515DA Ryzen 3 3250U 15.6"" HD Laptop","55,920৳",AMD Ryzen 3 3250U ,"15.6"" HD (1366 x 768) Refresh Rate60Hz Display Features200nits, 45% NTSC color gamut for non-OLED, Screen-to-body ratio: 83 % ",4GB ,SATA III 1TB HDD ,AMD Radeon Graphics Shared ,Windows 11 ,Slate Grey 360 x 235 x 19.9mm 1.80 kg 
"ASUS VivoBook 15 D515DA Ryzen 3 3250U 15.6"" FHD Laptop","58,090৳",AMD Ryzen 3 3250U ,15.6 Inch FHD (1920x1080) Touch ScreenNo Refresh Rate60Hz ,4GB ,PCIe G3 SSD 512GB ,AMD Radeon VEGA3 Graphics Shared ,Windows 10 Home 64Bit ,SLATE GREY 360 x 235 x 19.9mm 1.8 kg 
"ASUS VivoBook 15 D515DA Ryzen 3 3250U 15.6"" FHD Laptop with Windows 11","58,630৳",AMD Ryzen 3 3250U ,15.6 Inch FHD (1920x1080) Touch ScreenNo Refresh Rate60Hz ,4GB ,PCIE G3 SSD 512GB ,AMD Radeon VEGA3 Graphics Shared ,Windows 11 Home ,SLATE GREY 360 x 235 x 19.9mm 1.8 kg 
"ASUS ExpertBook P1 P1412CEA Core i3 11th Gen 14"" FHD Laptop","64,060৳",Intel Core i3-1115G4 ,"14 inch FHD (1920 x 1080) Touch ScreenNo Display Features16:9, Anti-glare display, LED Backlit, 250nits, NTSC: 45%, Screen-to-body ratio:83 % ",4GB(4GBX1) ,"SATA 2.5"" HDD 1TB ",Intel UHD Graphics Shared ,Free Dos ,"Slate Grey 32.54 x 21.60 x 2.04 ~ 2.04 cm (12.81"" x 8.50"" x 0.80"" ~ 0.80"") 1.50 kg (3.31 lbs) "
"ASUS VivoBook 15 X515EA Core i3 11th Gen 512GB SSD 15.6"" FHD Laptop","61,350৳",Intel Core i3-1115G4 ,"15.6-inch FHD (1920 x 1080) Touch ScreenNo Display Features16:9, Anti-glare display, LED Backlit, 250nits, NTSC: 45%, Screen-to-body ratio: 83 % IPS Panel Display ",4GB ,PCIe G3 SSD 512GB ,Intel UHD Graphics Shared ,Windows 11 Home ,"PEACOCK BLUE 36.02 x 23.49 x 1.99 ~ 1.99 cm (14.18"" x 9.25"" x 0.78"" ~ 0.78"") 1.80 kg (3.97 lbs) Body MaterialABS Plastic "
"Asus ExpertBook B1 B1500CEAE Core i3 11th Gen 512GB SSD 15.6"" FHD Laptop","62,430৳",Intel Core i3-1115G4 Processor ,"15.6-inch FHD (1920 x 1080) Touch ScreenNo Display Features16:9 LED Backlit, 220nits, Anti-glare display ",4GB ,M.2 NVMe PCIe 3.0 SSD 512GB ,Intel UHD Graphics Shared ,ENDLESS ,Star Black (W) 358 mm x (D) 236.5 mm x (H)19.4 mm 1.72 kg Body MaterialAluminum 
"ASUS VivoBook 15 X515EA Core i3 11th Gen 8GB RAM 512GB SSD 15.6"" FHD Laptop","63,520৳",Intel Core i3-1115G4 ,"15.6-inch FHD (1920 x 1080) Touch ScreenNo Display Features16:9, Anti-glare display, LED Backlit, 250nits, NTSC: 45%, Screen-to-body ratio: 83 % IPS Panel Display ",8GB(4GBONBOARD) ,PCI-E G3 SSD 512GB ,Intel UHD Graphics Shared ,Windows 11 Home 64bit ,"PEACOCK BLUE (BQ2224W-X515EA) 36.02 x 23.49 x 1.99 ~ 1.99 cm (14.18"" x 9.25"" x 0.78"" ~ 0.78"") 1.80 kg (3.97 lbs) Body MaterialABS Plastic "
"ASUS VivoBook 15 X515EA Core i3 11th Gen 8GB RAM 512GB SSD 15.6"" FHD Laptop With Fingerprint","63,520৳",Intel Core i3-1115G4 ,"15.6-inch FHD (1920 x 1080) Touch ScreenNo Display Features16:9, Anti-glare display, LED Backlit, 250nits, NTSC: 45%, Screen-to-body ratio: 83 % IPS Panel Display ",8GB(4GBONBOARD) ,PCI-E G3 SSD 512GB ,Intel UHD Graphics Shared ,Windows 11 Home 64bit ,"SLATE GREY (BQ2225W-X515EA) 36.02 x 23.49 x 1.99 ~ 1.99 cm (14.18"" x 9.25"" x 0.78"" ~ 0.78"") 1.80 kg (3.97 lbs) Body MaterialABS Plastic "
"ASUS VivoBook 15 X515JA Core i5 10th Gen 15.6"" FHD Laptop","63,520৳",Intel Core i5-1035G1 ,"15.6-inch  FHD (1920 x 1080) Touch ScreenNo Display Features16:9, Anti-glare display, LED Backlit, 200nits, NTSC: 45%, Screen-to-body ratio: 83 % Display ",4GB ,SATA HDD 1TB ,Intel UHD Graphics Shared ,Windows 11 Home ,"Slate Grey 36.02 x 23.49 x 1.99 ~ 1.99 cm (14.18"" x 9.25"" x 0.78"" ~ 0.78"") 1.80 kg (3.97 lbs) Body MaterialABS Plastic "
"ASUS VivoBook 15 X515JA Core i5 10th Gen 8GB RAM 15.6"" FHD Laptop","66,770৳",Intel Core i5-1035G1 ,"15.6-inch  FHD (1920 x 1080) Touch ScreenNo Display Features16:9, Anti-glare display, LED Backlit, 200nits, NTSC: 45%, Screen-to-body ratio: 83 % Display ",8GB ,HDD 1TB ,Intel UHD Graphics Shared ,Windows 11 Home ,"SLATE GREY, (BQ3553W-X515JA) 36.02 x 23.49 x 1.99 ~ 1.99 cm (14.18"" x 9.25"" x 0.78"" ~ 0.78"") 1.80 kg (3.97 lbs) Body MaterialABS Plastic "
"ASUS VivoBook 15 X1500EA Core i3 11th Gen 15.6"" FHD Laptop","66,770৳",Intel Core i3-1115G4 ,15.6-inch IPS FHD (1920 x 1080) Touch ScreenNo ,8GB ,HDD 1TB ,Intel UHD Graphics Shared ,Windows 11 Home ,Indie Black 360.0 x 235.0 x 19.9mm 1.80 kg (3.97 lbs) 
"ASUS VivoBook 15 X1500EA Core i3 11th Gen 512GB SSD 15.6"" FHD Laptop","66,770৳",Intel Core i3-1115G4 ,15.6-inch IPS FHD (1920 x 1080) Touch ScreenNo ,8GB ,NVMe PCIe 512GB SSD ,Intel UHD Graphics Shared ,Windows 11 Home ,Indie Black 360.0 x 235.0 x 19.9mm 1.80 kg (3.97 lbs) 
"Asus VivoBook 14 X1400EA Core i3 11th Gen 14"" FHD Laptop","66,770৳",Intel Core i3-1115G4 ,14-inch LED FHD (1920 x 1080) Refresh Rate60Hz ,8GB ,NVMe PCIe 512GB SSD ,Intel UHD Graphics Shared ,Windows 11 Home ,Black 325.4 x 216.0 x 19.9mm 1.55 kg 
"ASUS VivoBook 15 X515JA Core i5 10th Gen 512GB SSD 15.6"" FHD Laptop","72,740৳",Intel Core i5-1035G1 ,"15.6-inch  FHD (1920 x 1080) Touch ScreenNo Display Features16:9, Anti-glare display, LED Backlit, 200nits, NTSC: 45%, Screen-to-body ratio: 83 % Display ",8GB ,NVMe PCIe SSD 512GB ,Intel UHD Graphics Shared ,Windows 11 Home ,"Slate Grey (EJ2771W-X515JA)
Peacock Blue 36.02 x 23.49 x 1.99 ~ 1.99 cm (14.18"" x 9.25"" x 0.78"" ~ 0.78"") 1.80 kg (3.97 lbs) Body MaterialABS Plastic "
"Asus Vivobook S15 S513EA Core i3 11th Gen 4GB RAM 15.6"" OLED FHD Laptop","72,200৳",Intel Core i3-1115G4 ,15.6-inch IPS FHD (1920 x 1080) Touch ScreenNo ,4GB ,M.2 NVMe PCIe 3.0 SSD 512GB ,Intel UHD Graphics Shared ,Windows 11 ,"Indie Black 35.90 x 23.50 x 1.79 ~ 1.79 cm (14.13"" x 9.25"" x 0.70"" ~ 0.70"") 1.80 kg (3.97 lbs) Body MaterialPlastic "
"ASUS VivoBook 15 X515EA Core i5 11th Gen 15.6"" FHD Laptop","73,820৳",Intel Core i5-1135G7 ,15.6-inch IPS  FHD (1920 x 1080) Touch ScreenNo ,4GB ,HDD 1TB ,Intel Iris Xe Graphics Shared ,Windows 11 64-bit ,"SLATE GREY (BQ2312W)
PEACOCK BLUE (BQ2313W) 36.02 x 23.49 x 1.99 ~ 1.99 cm (14.18"" x 9.25"" x 0.78"" ~ 0.78"") 1.80 kg (3.97 lbs) "
"ASUS VivoBook 15 X1502ZA Core i3 12th Gen 15.6"" FHD Laptop","76,989৳",Intel Core i3 1220P ,15.6-Inch FHD FHD (1920 x 1080) Touch ScreenNo ,4GB ,PCIe NVMe M.2 SSD 512GB ,Intel UHD Graphics Shared ,Windows 11 Home ,"Quiet Blue (BQ324W-X1502ZA)
Icelight Silver (BQ326W-X1502ZA) 359.7 x 199 x 232.5mm 1.70 kg "
"ASUS VivoBook 14 X1402ZA Core i3 12th Gen 14"" FHD Laptop","76,989৳",Intel Core i3 1220P ,14-Inch IPS FHD (1920 x 1080) Touch ScreenNo ,4GB ,PCIe NVMe M.2 SSD 512GB ,Intel UHD Graphics Shared ,Windows 11 Home ,Quiet Blue 324.9 x 199 x 213.9mm 1.50 kg 
"Asus Vivobook S15 S513EA Core i3 11th Gen 15.6"" OLED FHD Laptop","74,370৳",Intel Core i3-1115G4 ,15.6-inch IPS FHD (1920 x 1080) Touch ScreenNo ,8GB ,M.2 NVMe PCIe 3.0 SSD 512GB ,Intel UHD Graphics Shared ,Windows 11 ,"HEARTY GOLD (L13075W-S513EA)
INDIE BLACK (L13076W-S513EA) 35.90 x 23.50 x 1.79 ~ 1.79 cm (14.13"" x 9.25"" x 0.70"" ~ 0.70"") 1.80 kg (3.97 lbs) Body MaterialPlastic "
"ASUS ExpertBook P1 P1412CEA Core i5 11th Gen 14"" FHD Laptop","73,700৳",Intel Core i5-1135G7 ,"14 inch FHD (1920 x 1080) Touch ScreenNo Display Features16:9, Anti-glare display, LED Backlit, 250nits, NTSC: 45%, Screen-to-body ratio:83 % ",4GB(4GBX1) ,M.2 NVMe PCIe 3.0 SSD 512GB ,INTEL IRIS Xe Shared ,Free Dos ,"Slate Grey 32.54 x 21.60 x 2.04 ~ 2.04 cm (12.81"" x 8.50"" x 0.80"" ~ 0.80"") 1.50 kg (3.31 lbs) "
"ASUS VivoBook 15 X515EA Core i5 11th Gen 512GB SSD 15.6"" IPS FHD Laptop","78,120৳",Intel Core i5-1135G7 ,15.6-inch IPS FHD (1920 x 1080) Touch ScreenNo ,4GB , PCI-E G3 SSD 512GB ,Intel Iris Xe Graphics Shared ,Windows 10 64-bit ,"Peacock Blue (BQ847T)
Slate Grey (BQ1117T) 36.02 x 23.49 x 1.99 ~ 1.99 cm (14.18"" x 9.25"" x 0.78"" ~ 0.78"") 1.80 kg (3.97 lbs) "
"ASUS ExpertBook P1 P1412CEA Core i5 11th 8GB RAM Gen 14"" FHD Laptop","75,900৳",Intel Core i5-1135G7 ,"14 inch FHD (1920 x 1080) Touch ScreenNo Display Features16:9, Anti-glare display, LED Backlit, 250nits, NTSC: 45%, Screen-to-body ratio:83 % ",8GB(8GBX1) ,M.2 NVMe PCIe 3.0 SSD 512GB ,INTEL IRIS Xe Shared ,Free Dos ,"Slate Grey 32.54 x 21.60 x 2.04 ~ 2.04 cm (12.81"" x 8.50"" x 0.80"" ~ 0.80"") 1.50 kg (3.31 lbs) "
"ASUS VivoBook 15 X1500EA Core i5 11th Gen 15.6"" FHD Laptop","80,330৳",Intel Core  i5-1135G7 ,15.6-inch IPS FHD (1920 x 1080) Touch ScreenNo ,8GB ,HDD 1TB ,Intel Iris Xe Graphics Shared ,Windows 11 Home ,Indie Black 360.0 x 235.0 x 19.9mm 1.80 kg (3.97 lbs) 
"ASUS VivoBook 15 X515EA Core i5 11th Gen 8 GB RAM 15.6"" FHD Laptop","81,960৳",Intel Core i5-1135G7 ,15.6-inch IPS FHD (1920 x 1080) Touch ScreenNo ,8GB ,PCI-E G3 SSD 512GB ,Intel Iris Xe Graphics Shared ,Windows 11 64-bit ,"PEACOCK BLUE (BQ1367W-X515EA) 36.02 x 23.49 x 1.99 ~ 1.99 cm (14.18"" x 9.25"" x 0.78"" ~ 0.78"") 1.80 kg (3.97 lbs) "
"Asus VivoBook X515EP Core i5 11th Gen MX330 2GB Graphics 15.6"" Laptop","80,880৳",Intel Core i5-1135G7 ,15.6-inch IPS FHD (1920 x 1080) Touch ScreenNo ,4GB ,M.2 NVMe PCIe 3.0 SSD 256GB ,NVIDIA GeForce MX350 2GB ,Windows 11 ,Slate Grey 360 x 235 x 19.9mm 1.80 kg (3.97 lbs) 
"ASUS VivoBook 14 K413EA Core i5 11th Gen 14"" FHD Laptop with Windows 11","82,056৳",Intel  Core i5-1135G7 ,"14.0-inch  FHD (1920 x 1080) Touch ScreenNo Display Features16:9, IPS-level Panel, Anti-glare display, LED Backlit, 300nits, NTSC: 45%, Screen-to-body ratio: 84 ％ ",8GB ,M.2 NVMe PCIe G3.0 SSD 512GB ,Intel Iris Xe Graphics Shared ,Windows 11 Home ,"Indie Black (EB1919W-K413EA)
Transparent Silver (EB1920W-K413EA)
Heart Gold (EB1918W-K413EA) 32.40 x 21.50 x 1.79 ~ 1.79 cm (12.76"" x 8.46"" x 0.70"" ~ 0.70"") 1.40 kg (3.09 lbs) "
"Asus VivoBook 14 X1400EA Core i5 11th Gen 14"" FHD Laptop","83,590৳",Intel Core  i5-1135G7 ,14-inch FHD LED FHD (1920 x 1080) Touch ScreenNo ,8GB ,HDD 1TB ,Intel Iris Xe Graphics Shared ,Windows 11 Home ,Black 360.0 x 235.0 x 19.9mm 1.80 kg (3.97 lbs) 
"ASUS VivoBook 15 X1500EA Core i5 11th Gen 512GB SSD 15.6"" FHD Laptop","83,600৳",Intel Core  i5-1135G7 ,15.6-inch IPS FHD (1920 x 1080) Touch ScreenNo ,8GB ,SSD 512GB ,Intel Iris Xe Graphics Shared ,Windows 11 Home ,Indie Black 360.0 x 235.0 x 19.9mm 1.80 kg (3.97 lbs) 
"ASUS VivoBook 14 K413EA Core i5 11th Gen 16GB RAM 14"" FHD Laptop","90,100৳",Intel Core i5-1135G7 ,"14.0-inch FHD (1920 x 1080) Touch ScreenNo Display Features16:9, IPS-level Panel, Anti-glare display, LED Backlit, 250nits, NTSC: 45%, Screen-to-body ratio: 84 ％ ",16GB ,M.2 NVMe PCIe G3.0 SSD 512GB ,Intel Iris Xe Graphics Shared ,Windows 11 64-Bit ,"HEARTY GOLD (AM2392W-K413EA)
INDIE BLACK (AM2393W-K413EA) 32.40 x 21.50 x 1.79 ~ 1.79 cm (12.76"" x 8.46"" x 0.70"" ~ 0.70"") 1.40 kg (3.09 lbs) "
"Asus ExpertBook B1 B1500CEPE Core i5 11th Gen MX330 2GB Graphics 15.6"" FHD Laptop","88,000৳",Intel Core i5-1135G7 ,"15.6-inch FHD (1920 x 1080) Display FeaturesBrightness: 220 Nits, Aspect Ratio: 16:9, NTSC: 45%, Screen-to-body ratio: 90% ",8GB ,NVMe PCIe SSD 512GB ,NVIDIA GeForce MX350 2GB ,Free Dos ,Star Black (W) 358 mm x (D) 236.5 mm x (H)19.4 mm 1.73 kg 
"ASUS VivoBook 14 X1402ZA Core i5 12th Gen 14"" FHD Laptop","96,800৳",Intel Core i5-1240P ,14-Inch IPS FHD (1920 x 1080) Touch ScreenNo ,8GB ,PCIe NVMe M.2 SSD 512GB ,Intel Iris X Graphics Is Only Available In Models With Intel Core I5/I7/I9 Processors And Dual-Channel Memory Shared ,Windows 11 Home ,"Quiet Blue (EB074W-X1402ZA)
Terra Cotta (EB115W-X1402ZA) 32.49 x 21.39 x 1.99 ~ 1.99 cm 1.50 kg "
"ASUS VivoBook 15 X1502ZA Core i5 12th Gen 15.6"" FHD Laptop","96,800৳",Intel Core i5-1240P ,15.6-Inch FHD FHD (1920 x 1080) Touch ScreenNo ,8GB ,PCIe NVMe M.2 SSD 512GB ,Intel Iris X Graphics Is Only Available In Models With Intel Core I5/I7/I9 Processors And Dual-Channel Memory Shared ,Windows 11 Home ,"Quiet Blue (BQ201W-X1502ZA)
Icelight Silver (BQ331W-X1502ZA) 359.7 x 199 x 232.5mm 1.70 kg "
Asus ExpertBook B3 Flip B3402FEA Core i5 14-inch 360° FHD Touch Laptop,"99,000৳",Intel Core i5-1135G7 ,14.0-inch LED FHD (1920 x 1080) Touch ScreenYes ,8GB ,M.2 NVMe PCIe 3.0 SSD 512GB ,Intel Iris Xe Shared ,Free Dos ,Star Black 32.90 x 22.39 x 1.92 ~ 1.95 cm 1.61 kg (3.55 lbs) 
"ASUS ExpertBook P1 P1512CEA Core i7 11th Gen 15.6"" FHD Laptop","95,150৳",Intel Core i7-1165G7 ,"15.6 inch FHD (1920 x 1080) Touch ScreenNo Display Features16:9, Anti-glare display, LED Backlit, 250nits, NTSC: 45%, Screen-to-body ratio:83 % ",8GB(8GBX1) ,M.2 NVMe PCIe 3.0 SSD 512GB ,INTEL IRIS Xe Shared ,Free Dos ,"Slate Grey 32.54 x 21.60 x 2.04 ~ 2.04 cm (12.81"" x 8.50"" x 0.80"" ~ 0.80"") 1.50 kg (3.31 lbs) "
"Asus VivoBook 15 K513EQ Core i5 11th Gen 15.6"" FHD Laptop with Windows 11","100,410৳",Intel Core i5-1135G7 ,15.6-inch IPS FHD (1920 x 1080) Touch ScreenNo ,8GB ,M.2 NVMe PCIe 3.0 SSD 512GB ,NVIDIA GeForce MX350 & Integrated Intel IRIS Xe 2GB ,Windows 11 ,"HEARTY GOLD (BN591W-K513EQ)
INDIE BLACK (BN592W/BN721W-K513EQ )
TRANSPARENT SILVER (BN722W-K513EQ) 35.90 x 23.50 x 1.79 ~ 1.79 cm 1.80 kg (3.97 lbs) "
"ASUS Vivobook Pro 15 M3500QA Ryzen 7 5800H 15.6"" FHD Laptop","100,466৳",AMD Ryzen 7 5800H ,15.6 Inch IPS FHD (1920 X 1080) Touch ScreenNo ,8GB ,M.2 NVMe PCIe 3.0 SSD 512GB ,AMD RADEON Shared ,Windows 10 Home ,Quiet Blue 35.98 x 23.53 x 1.89 ~ 1.99 cm 1.65 kg (3.64 lbs) 
"Asus VivoBook S15 S533EQ Core i5 11th Gen MX350 2GB Graphics 15.6"" FHD Laptop With Windows 11","102,800৳",Intel Core i5-1135G7 ,15.6 Inch FHD LED Full HD (1920 x 1080) Touch ScreenNo ,8GB , PCIEG3 SSD 512GB ,Nvidia GeForce MX350 2GB ,Windows 11 ,"INDIE BLACK Height: 1.61cm (0.63 inches)
Width: 35.98cm (14.17 inches)
Depth: 23.38cm (9.2 inches) 1.8kg (3.97 pounds) "
"ASUS ExpertBook B5 B5302CEA Core i5 11th Gen 13.3"" FHD Laptop","107,250৳",Intel Core i5-1135G7 ,"13.3-inch FHD (1920 x 1080) Touch ScreenN/A Display Features16:9, Wide view, Anti-glare display, LED Backlit, 300nits, sRGB: 100%, Screen-to-body ratio:78 ％ ",8GB ,M.2 NVMe PCIe 3.0 SSD 512GB ,Intel Iris Xe Graphics Graphics TypeShared ,Windows 10 Home ,"Star Black 30.90 x 21.06 x 1.69 ~ 1.69 cm (12.17"" x 8.29"" x 0.67"" ~ 0.67"") 1.10 kg (2.43 lbs)
1.23 kg (2.71 lbs) "
"Asus TUF Gaming F15 FX506LH Core i5 10th Gen GTX 1650 4GB Graphics 15.6"" FHD Gaming Laptop with Windows 11","103,660৳",Intel Core i5-10300H ,15.6 Inch IPS Full HD (1920x1080) Touch ScreenNo ,8GB ,PCIE G3 SSD 512GB ,NVIDIA GeForce GTX 1650 4GB ,Windows 11 ,Black 14.00 x 10.00 x 1.00 inches 5.00 lbs Body MaterialPlastic 
"Asus TUF Gaming F15 FX506LHB Core i5 10th Gen GTX 1650 4GB Graphics 15.6"" FHD Gaming Laptop","102,470৳",Intel Core i5-10300H ,15.6 Inch IPS Full HD (1920x1080) Touch ScreenNo ,8GB ,PCIE G3 SSD 512GB ,NVIDIA GeForce GTX 1650 4GB ,Windows 11 ,Black 14.00 x 10.00 x 1.00 inches 5.00 lbs Body MaterialPlastic 
"ASUS ZenBook 14 UM425UA Ryzen 5 5500U 14"" FHD Laptop","105,200৳",AMD Ryzen 5 5500U ,14 Inch IPS FHD (1920x1080) Touch ScreenNo ,8GB ,PCIe NVMe 3.0 x2 M.2 SSD 512GB ,AMD Radeon Shared ,Windows 11 Home ,PINE GREY 1.43 x 31.9 x 21 cm 1.22 kg 
"ASUS VivoBook 14X X1403ZA Core i5 12th Gen 14"" OLED Laptop","112,200৳",Intel Core i5 12500H ,14-Inch 2.8K OLED WQHD 2880x1800 Touch ScreenNo ,8GB ,PCIe NVMe M.2 SSD 512GB ,Intel UHD Graphics Shared ,Windows 11 Home ,Quiet Blue 317.1 x 222 x 19.9mm 1.60 kg (with Battery) 
"Asus VivoBook 15 S513EQ Core i5 11th Gen 8GB RAM 15.6"" OLED FHD Laptop","108,540৳",Intel Core i5-1135G7 ,15.6-inch OLED FHD (1920 x 1080) Touch ScreenNo ,8GBX1 ,M.2 NVMe PCIe 3.0 SSD 512GB ,NVIDIA GeForce MX350 2GB ,Windows 11 64-bit ,"HEARTY GOLD (L1661W-S513EQ / L1733W-S513EQ)
INDIE BLACK (L1662W-S513EQ / L1734W-S513EQ) 35.90 x 23.50 x 1.79 ~ 1.79 cm 1.80 kg (3.97 lbs) "
"Asus VivoBook 15 OLED K513EQ Core i5 11th Gen MX350 2GB Graphics 15.6"" FHD Laptop","109,450৳",Intel Core i5-1135G7 ,15.6-inch OLED  FHD (1920 x 1080) Touch ScreenNo ,8GB , PCIe Gen3 x2 M.2 SSD 512GB ,NVIDIA GeForce MX350 2GB ,Windows 10 64-bit ,"Indie Black (L1435T-K513EQ)
Hearty Gold (L1434T-K513EQ) 35.90 x 23.50 x 1.79 ~ 1.79 cm 1.80 kg (3.97 lbs) "
"Asus VivoBook 15 K513EQ Core i5 11th Gen 15.6"" OLED FHD Laptop","110,170৳",Intel Core i5-1135G7 ,"15.6-inch, OLED FHD (1920 x 1080) Touch ScreenNo ",8GB ,M.2 NVMe PCIe 3.0 SSD 512GB ,NVIDIA GeForce MX350 2GB ,Windows 11 ,"Indie Black (L1597W-K513EQ / L1662W-S513EQ / L1734W-S513EQ)
Hearty Gold (L1596W-K513EQ / L1733W-S513EQ) 35.90 x 23.50 x 1.79 ~ 1.79 cm 1.80 kg (3.97 lbs) "
"Asus ZenBook 14 UX425EA Intel Core i5 1135G7 11th Gen 14"" FHD WV Laptop","115,600৳",Intel Core i5-1135G7 ,"14"" FHD LED 1920x1080 (WxH) FHD Refresh Rate60 Hz ",8GB ,NVMe PCIe 512GB SSD ,Intel Iris Xe Graphics Shared ,Win-11 Home ,Pine Grey 319.0 x 208.0 x 13.9 - 13.9 mm 1.17 kg 
"Asus ExpertBook B1 B1400CEAE Core i7 11th Gen 14"" FHD Laptop","112,200৳",Intel Core i7-1165G7 ,14 Inch IPS FHD (1920 x 1080) Touch ScreenNo ,16GB ,M.2 NVMe PCIe 3.0 SSD 512GB ,Intel Iris Xe Graphics Shared ,Free Dos ,Star Black 32.34 x 21.56 x 1.92 cm 1.45 kg (With Battery) Body MaterialAluminum 
"Asus VivoBook 15 X513EP Core i7 11th Gen MX330 2GB Graphics 15.6"" FHD Laptop With Windows 11","119,900৳",Intel Core i7-1165G7 ,"15.6"" LED FHD (1920x1080) Display Features60Hz Anti-Glare Panel with 45% NTSC with wide 178° viewing angles ",8GB ,PCIe NVMe M.2 SSD 512GB ,NVIDIA GeForce MX350 2GB ,Windows 11 ,"Bespoke Black (BQ896W-X513EP)
Cobalt Blue (BQ897W-X513EP) 359 x 235 x 19.9 mm (WxDxH) 1.7 kg "
"Asus VivoBook 15 K513EQ Core i7 11th Gen 15.6"" FHD Laptop","119,350৳",Intel Core i7-1165G7 ,15.6 Inch IPS FHD (1920X1080) Touch ScreenNo ,8GB ,PCIe Gen3 x2 M.2 SSD 512GB ,NVIDIA GeForce MX350 2GB ,Windows 10 64-bit ,Hearty Gold 35.90 x 23.50 x 1.79 ~ 1.79 cm 1.80 kg (3.97 lbs) 
"ASUS ZenBook 14 UM425UA Ryzen 7 5700U 14"" FHD Laptop with Windows 11","121,020৳",AMD Ryzen 7 5700U ,14 Inch IPS FHD (1920x1080) Touch ScreenNo ,16GB ,PCIe NVMe 3.0 x2 M.2 SSD 512GB ,AMD Radeon Shared ,Windows 11 Home ,PINE GREY 1.43 x 31.9 x 21 cm 1.22 kg 
"Asus VivoBook 15 K513EQ Core i7 11th Gen 15.6"" FHD Laptop with Windows 11","119,940৳",Intel Core i7-1165G7 ,15.6 Inch IPS  FHD (1920X1080) Touch ScreenNo ,8GB ,PCIe Gen3 x2 M.2 SSD 512GB ,NVIDIA GeForce MX350 2GB ,Windows 11 ,Hearty Gold 35.90 x 23.50 x 1.79 ~ 1.79 cm 1.80 kg (3.97 lbs) 
"ASUS VivoBook Pro 15 K3500PA Core i7 11th Gen 15.6"" FHD Laptop","122,110৳",Intel Core i7-11370H ,15.6 Inch LED  FHD (1920x1080 ) Touch ScreenNo ,8GB ,M.2 NVMe PCIe G3.0 SSD 512GB ,Intel Iris Xe Shared ,Windows 10 Home ,Quiet Blue 359.8 x 235.3 x 199mm 1.65 kg 
"Asus VivoBook 14 K413EQ Core i7 11th Gen 14"" FHD Laptop","122,110৳",Intel Core i7-1165G7 ,14 inch IPS  FHD (1920X1080) Touch ScreenNo ,16GB ,PCIe Gen3 x2 M.2 SSD 512GB ,NVIDIA GeForce MX350 2GB ,Windows 11 64-bit ,"Indie Black (AM566W-K413EQ)
Hearty Gold (AM565W-K413EQ) 35.90 x 23.50 x 1.79 ~ 1.79 cm (14.13"" x 9.25"" x 0.70"" ~ 0.70"") 1.80 kg (3.97 lbs) "
Asus ExpertBook B3 Flip B3402FEA Core i7 16gb Ram 14-inch 360° FHD Touch Laptop,"117,700৳",Intel Core i7-1165G7 ,14 Inch IPS FHD (1920 x 1080) Touch ScreenYes ,16GB ,M.2 NVMe PCIe 3.0 SSD 512GB ,Intel Iris Xe Graphics Shared ,Free Dos ,Star Black 32.90 x 22.39 x 1.92 ~ 1.95 cm 1.61Kg (with Battery) Body MaterialAluminum 
"Asus VivoBook 15 S513EQ Core i7 11th Gen MX350 2GB Graphics 15.6"" FHD OLED Laptop","126,450৳",Intel Core i7-1165G7 ,15.6 Inch OLED  FHD (1920x1080) Touch ScreenNo ,8GB ,M.2 NVMe PCIe 3.0 SSD 512GB ,NVIDIA GeForce MX350 2GB ,Windows 11 64-bit ,"HEARTY GOLD (L1659W-S513EQ)
INDIE BLACK (L1660W-S513EQ) 35.90 x 23.50 x 1.79 ~ 1.79 cm (14.13"" x 9.25"" x 0.70"" ~ 0.70"") 1.80 kg (3.97 lbs) "
"ASUS ZenBook 14X UX5401EA Core i5 11th Gen 14"" 2.8K OLED Touch Laptop","130,900৳",Intel Core i5-1135G7 ,14 inch OLED 2.8K (2880X1800) Touch ScreenYes ,8GB ,M.2 NVMe PCIe 3.0 G4 SSD 512GB ,Intel Iris Xe Graphics Shared ,Windows 10 ,"Pine Gray 31.12 x 22.11 x 1.59 ~ 1.59 cm (12.25"" x 8.70"" x 0.63"" ~ 0.63"") 1.4 kg (3.09 lbs) "
"Asus VivoBook 15 S513EQ Core i7 11th Gen MX350 2GB Graphics 15.6"" FHD Laptop","126,450৳",Intel Core i7-1165G7 ,15.6 Inch OLED  FHD (1920x1080) Touch ScreenNo ,8GB ,M.2 NVMe PCIe 3.0 SSD 512GB ,NVIDIA GeForce MX350 2GB ,Windows 11 64-bit ,"HEARTY GOLD (L1731W-S513EQ)
INDIE BLACK (L1732W-S513EQ) 35.90 x 23.50 x 1.79 ~ 1.79 cm (14.13"" x 9.25"" x 0.70"" ~ 0.70"") 1.80 kg (3.97 lbs) "
"Asus VivoBook 15 K513EQ Core i7 11th Gen 15.6"" OLED FHD Laptop","126,450৳",Intel Core i7-1165G7 ,15.6 Inch OLED FHD (1920X1080) Touch ScreenNo ,8GB ,PCIe Gen3 x2 M.2 SSD 512GB ,NVIDIA GeForce MX350 2GB ,Windows 11 ,"Hearty Gold (L1598W-K513EQ) 35.90 x 23.50 x 1.79 ~ 1.79 cm (14.13"" x 9.25"" x 0.70"" ~ 0.70"") 1.80 kg (3.97 lbs) "
"Asus ZenBook 14 OLED UM3402YA Ryzen 5 5625U 14"" WQHD Laptop","138,380৳",AMD Ryzen 5 5625U ,14 Inch 2.8K OLED WQHD WQHD (2880X1800) Touch ScreenNo ,16GB ,PCIe NVMe 3.0 x2 M.2 SSD 512GB ,AMD Radeon Shared ,Windows 11 Home ,Jade Black 313.6 x 220.6 x 16.9 - 16.9 mm 1.39 kg 
"Asus ZenBook 14 Flip OLED UN5401QA Ryzen 5 5600H 14"" 2.8K OLED Touch Laptop","137,800৳",AMD Ryzen 5 5600H ,14.0-inch OLED 2.8K (2880 x 1800) Touch ScreenYes ,16GB , M.2 NVMe PCIe 3.0 G4 SSD 512GB ,AMD Radeon Yes ,Windows 11 Home ,"Pine Gray 31.10 x 22.30 x 1.59 ~ 1.59 cm (12.24"" x 8.78"" x 0.63"" ~ 0.63"") 1.40 kg (3.09 lbs) "
"Asus Vivobook S 16X S5602ZA Core i5 12th Gen 16"" WQXGA Display Laptop","138,600৳",Intel Intel Core i5 ,16.0-inch WQXGA LED WQXGA (2560 x 1600) Touch ScreenNo ,16GB(8X2) ,M.2 NVMe PCIe 4.0 SSD 512GB ,Intel Iris X Graphics Shared ,Windows 11 Home ,"Sandy Grey (S5602ZA-KV099W)
Midnight Black (S5602ZA-KV100W) 35.76 x 25.24 x 1.79 ~ 1.79 cm 1.8 kg "
"ASUS Vivobook Pro 15 M3500QC Ryzen 5 5600H RTX 3050 4GB Graphics 15.6"" FHD Laptop","143,810৳",AMD Ryzen 5 4600H ,15.6-inch FHD (1920 x 1080) Touch ScreenNo Refresh Rate60hz refresh rate ,16GBONBOARD ,NVMe PCIe 512GB SSD ,NVIDIA GeForce RTX 3050 4GB ,Windows 11 Home 64-bit ,QUIET BLUE 359.8 x 235.3 x 19.9mm 1.65 kg (3.64 lbs) 
"Asus ZenBook 14 Flip OLED UP5401EA Core i5 11th Gen 14"" 2.8K OLED Touch Laptop","142,020৳",Intel Core i5-1135G7 ,14.0-inch OLED 2.8K (2880 x 1800) Touch ScreenYes ,8GB ,M.2 NVMe PCIe 3.0 G4 SSD 512GB ,Intel Iris Xe Shared ,Windows 11 Home ,"Pine Gray 31.10 x 22.30 x 1.59 ~ 1.59 cm (12.24"" x 8.78"" x 0.63"" ~ 0.63"") 1.40 kg (3.09 lbs) "
"Asus ZenBook 14 OLED UM3402YA Ryzen 7 5825U 14"" WQHD Laptop","149,730৳",AMD Ryzen 7 5825U ,14 Inch 2.8K OLED WQHD WQHD (2880X1800) Touch ScreenNo ,16GB ,PCIe NVMe 3.0 x2 M.2 SSD 512GB ,AMD Radeon Shared ,Windows 11 Home ,Jade Black 313.6 x 220.6 x 16.9 - 16.9 mm 1.39 kg 
"ASUS Vivobook Pro 15 M3500QC Ryzen 7 5800H RTX 3050 4GB Graphics 15.6"" FHD Laptop","155,100৳",AMD Ryzen 7 ,"15.6"" FHD LED FHD 1920x1080 (WxH) Touch ScreenNo ",16GB ,NVMe PCIe 512GB ,Nvidia RTX 3050 Graphics 4GB ,Win-11 Home , Quiet Blue 359.8 x 235.3 x 18.9 - 19.9mm 1.65 Kg 
"ASUS Vivobook Pro 15 OLED M3500QC Ryzen 7 5800H RTX 3050 4GB Graphics 15.6"" FHD Laptop with Windows 11","160,080৳",AMD Ryzen 7 5800H ,"15.6"" FHD OLED 1920x1080 (WxH) FHD Refresh Rate60 Hz ",16GB ,M.2 NVMe PCIe 3.0 SSD 512GB ,Nvidia RTX 3050 Graphics 4GB ,Win-10 Home ,Quiet Blue 359.8 x 235.3 x 19.9mm 1.65 kg 
"ASUS Zenbook S 13 OLED UM5302TA-LX168W Ryzen 7 6800U 13.3"" 2.8K Touch Laptop","162,750৳",AMD Ryzen 7 6800U ,13.3-inch OLED 2.8K (2880 x 1800) Touch ScreenYes ,16GB ,M.2 NVMe PCIe 4.0 Performance SSD 1TB ,AMD Radeon Graphics Shared ,"Windows 11 Home Other Pre-installed SoftwaresMyASUS
ProArt Creator Hub
ScreenXpert
GlideX ",Ponder Blue 29.67 x 21.05 x 1.49 ~ 1.49 cm 1.10 kg Body MaterialMg-Al 
"Asus ZenBook 14X OLED UX5401EA Core i7 11th Gen 14"" 2.8K OLED Touch Laptop","166,590৳",Intel Core i7-1165G7 ,14.0 Inch OLED 2.8K (2880 x 1800) Touch ScreenYes ,16GB ,M.2 NVMe PCIe 3.0 G4 SSD 512GB ,Intel Iris Xe Shared ,Windows 11 Home ,"Pine Gray 31.10 x 22.30 x 1.59 ~ 1.59 cm (12.24"" x 8.78"" x 0.63"" ~ 0.63"") 1.40 kg (3.09 lbs) "
"Asus ZenBook 14 Flip OLED UP5401EA Core i7 11th Gen 14"" 2.8K OLED Touch Laptop","169,400৳",Intel Core i7-1165G7 ,14.0 Inch OLED 2.8K (2880 x 1800) Refresh Rate0.2ms ,16GB ,M.2 NVMe PCIe 3.0 G4 SSD 512GB ,Intel Iris Xe Shared ,Windows 11 Home ,"Pine Gray 31.10 x 22.30 x 1.59 ~ 1.59 cm (12.24"" x 8.78"" x 0.63"" ~ 0.63"") 1.40 kg (3.09 lbs) "
"ASUS Vivobook Pro 15 M3500QC Ryzen 9 5900HX RTX 3050 4GB Graphics 15.6"" FHD Laptop","168,760৳",AMD Ryzen 9 5900HX ,"15.6"" FHD LED FHD 1920x1080 (WxH) Touch ScreenNo ",16GB ,NVMe PCIe 512GB ,Nvidia RTX 3050 Graphics 4GB ,Win-11 Home , Quiet Blue 359.8 x 235.3 x 18.9 - 19.9mm 1.65 Kg 
"ASUS ZenBook Duo 14 UX482EAR i7 11th Gen 14"" FHD Touch Laptop with Pen","170,500৳",Intel Intel Core i7-1195G7 ,14.0-inch IPS FHD (1920 x 1080) Touch ScreenYes ,16GB , M.2 NVMe PCIe 3.0 G3 SSD 512GB ,Intel Iris Xe Shared ,Windows 11 Home ,Celestial Blue 32.40 x 22.20 x 1.69 ~ 1.73 cm 1.62 kg (3.57 lbs) 
"ASUS TUF Gaming F15 FX506HE Core i7 11th Gen RTX 3050Ti 4GB Graphics 15.6"" FHD Gaming Laptop","173,100৳",Intel Core i7-11800H ,15.6 Inch IPS  Full HD (1920x1080) Touch ScreenNo ,8GB ,M.2 NVME PCIE 3.0 SSD 512GB ,NVIDIA GeForce RTX 3050Ti 4GB ,Windows 11 Home ,Graphite Black 35.9 x 25.6 x 2.28 ~ 2.45 cm 2.30 Kg 
"Asus Vivobook Pro 16X OLED N7600PC Core i7 11th Gen RTX3050 4GB Graphics 16"" 4K Gaming Laptop","180,400৳",Intel Core i7-11370H ,16.0 Inch OLED 4K (3840 x 2400) Response TIme 0.2ms ,16GB ,M.2 NVMe PCIE G3.0 SSD 512GB ,NVIDIA GeForc RTX 3050 4GB ,Free DOS / Windows 11 ,"COOL SILVER (L2079W-N7600PC)
COMET GREY (L2073W-N7600PC) 36.05 x 25.90 x 1.89 ~ 1.89 cm (14.19"" x 10.20"" x 0.74"" ~ 0.74"") 1.95 kg (4.30 lbs) "
"ASUS ZenBook Duo 14 UX482EA Core i7 11th Gen 14"" FHD Touch Laptop","183,048৳",Intel Core i7-1165G7 ,14.0-inch IPS FHD (1920 x 1080) Touch ScreenYes ,16GB , M.2 NVMe PCIe 3.0 G3 SSD 512GB ,Intel Iris Xe Shared ,Windows 10 Home ,Celestial Blue 32.40 x 22.20 x 1.69 ~ 1.73 cm 1.62 kg (3.57 lbs) 
"ASUS ZenBook Duo 14 UX482EA 11th Gen Core i7 1TB SSD Gen 14"" FHD Touch Laptop","187,000৳",Intel Core i7-1165G7 ,14.0 Inch IPS FHD (1920 x 1080) Touch ScreenYes ,8GB , M.2 NVMe PCIe 3.0 G3 SSD 1TB ,Intel Iris Xe Shared ,Windows 10 Home ,"Celestial Blue 32.40 x 22.20 x 1.69 ~ 1.73 cm (12.76"" x 8.74"" x 0.67"" ~ 0.68"") 1.62 kg (3.57 lbs) "
"Asus Vivobook Pro 16X OLED M7600QE Ryzen 7 5800H RTX 3050Ti 4GB Graphics 16"" 4K Gaming Laptop","190,460৳",AMD Ryzen 7 5800H ,16.0-inch OLED 4K (3840 x 2400) Touch ScreenNo ,16GB ,M.2 NVMe PCIe 3.0 SSD 512GB ,NVIDIA GeForce RTX 3050 Ti 4GB ,Windows 10 Home ,"0° Black 36.05 x 25.90 x 1.89 ~ 1.89 cm (14.19"" x 10.20"" x 0.74"" ~ 0.74"") 1.95 kg (4.30 lbs) "
"ASUS Zenbook S 13 OLED UP5302ZA-LX155W Core i7 12th Gen 13.3"" 2.8K Touch Laptop","187,705৳",Intel Core i7-1260P ,13.3-inch OLED 2.8K (2880 x 1800) Touch ScreenYes ,16GB ,M.2 NVMe PCIe 4.0 Performance SSD 512GB ,Intel Iris Xe Graphics Shared ,"Windows 11 Home Other Pre-installed SoftwaresMyASUS
ProArt Creator Hub
ScreenXpert
GlideX ",Ponder Blue 29.63 x 20.97 x 1.49 ~ 1.49 cm 1.10 kg Body MaterialMg-Al 
"ASUS ROG STRIX G15 G513IM Ryzen 7 4800H 16GB RAM RTX 3060 6GB 15.6"" WQHD Gaming Laptop","200,230৳",AMD Ryzen 7 4800H ,15.6 IPS  WQHD (2560X1440) Touch ScreenNo ,16GB ,M.2 NVMe PCIe 3.0 SSD 512GB ,NVIDIA GeForce RTX 3060 6GB ,Windows 11 ,Eclipse Grey 354 x 259 x 22.6 - 27.2mm 2.30 Kg 
"ASUS ROG Strix G15 G513RM Ryzen 7 6800H RTX 3060 6GB Graphics 15.6"" FHD Gaming Laptop","232,780৳",AMD Ryzen 7 6800H ,15.6-inch IPS  FHD (1920 x 1080) Touch ScreenNo ,16GB ,M.2 NVME PCIE 4.0 SSD 512GB ,NVIDIA GeForce RTX 3060 6GB ,Windows 11 Home ,"ECLIPSE GRAY (HF134W)
Volt Green (HF281W) 35.4 x 25.9 x 2.26 ~ 2.72 cm 2.3KG (5.07 lbs) "
"ASUS Zenbook Pro 14 Duo OLED UX8402ZA-M3031W Core i7 12th Gen 14.5"" 2.8K Touch Laptop","233,275৳",Intel i7-12700H ,14.5-inch OLED 2.8K (2880 x 1800) Touch ScreenYes ,16GB ,M.2 NVMe PCIe 4.0 Performance SSD 1TB ,Intel Iris Xe Graphics Shared ,"Windows 11 Home Other Pre-installed SoftwaresMyASUS
ProArt Creator Hub
ScreenXpert
GlideX ","Tech Black 32.35 x 22.47 x 1.79 ~ 1.96 cm 1.70 kg Body MaterialAluminum
Top case: Mg-Al "
"ASUS ROG Strix G15 G713RM Ryzen 7 6800H RTX 3060 6GB Graphics 17.3"" FHD WV Gaming Laptop","249,050৳",AMD Ryzen 7 6800H ,17.3-inch IPS  FHD (1920 x 1080) Touch ScreenNo ,16GB ,M.2 NVME PCIE 4.0 SSD 512GB ,NVIDIA GeForce RTX 3060 6GB ,Windows 11 Home ,Eclipse Gray 39.5 x 28.2 x 2.34 ~ 2.83 cm 2.90 Kg (6.39 lbs) 
"ASUS Zenbook Pro 14 Duo OLED UX8402ZE-M3050W Core i7 12th Gen RTX 3050 Ti 4GB Graphics 14.5"" 2.8K Touch Laptop","258,230৳",Intel i7-12700H ,14.5-inch OLED 2.8K (2880 x 1800) Touch ScreenYes ,16GB ,M.2 NVMe PCIe 4.0 Performance SSD 512GB ,"Intel Iris Xe Graphics
NVIDIA GeForce RTX 3050 Ti 4GB ","Windows 11 Home Other Pre-installed SoftwaresMyASUS
ProArt Creator Hub
ScreenXpert
GlideX ","Tech Black 35.50 x 25.10 x 1.69 ~ 1.78 cm 2.40 kg
2.20 kg (without Battery) Body MaterialAluminum
Top case: Mg-Al "
"Asus ROG Zephyrus G14 GA402RJ Ryzen 9 6900HS RX 6700S 8GB Graphics 14"" WQXGA Gaming Laptop","279,430৳",AMD Ryzen 9 6900HS ,14-inch IPS WQXGA (2560 x 1600) Touch ScreenNo ,16GB ,NVMe M.2 1TB ,AMD Radeon RX 6700S 8GB ,Windows 11 Home ,"GRAY ANIME MATRIX 31.2 x 22.7 x 1.95 ~ 1.95 cm (12.28"" x 8.94"" x 0.77"" ~ 0.77"") 1.72 Kg (3.79 lbs) "
"Asus ROG Zephyrus G15 GA503RM Ryzen 7 6800HS 16GB RAM RTX 3060 15.6"" WQHD Gaming Laptop","283,770৳",AMD Ryzen 7 6800HS ,15.6-inch IPS WQHD (2560 x 1440) Touch ScreenNo ,16GB(8GBONBOARD) ,PCI-E M.2 NVME PCI-E G4 SSD 1TB ,NVIDIA GeForce RTX 3060 6GB ,Windows 11 Home ,ECLIPSE GRAY 355 x 243 x 19.9mm 1.60 Kg (3.53 lbs) 
"ASUS ProArt Studiobook 16 OLED H5600QM Ryzen 7 5800H RTX 3060 6GB Graphics 16"" OLED Laptop","295,710৳",AMD Ryzen 7 5800H ,16 Inch 4K WQUXGA OLED 3840 x 2400 Touch ScreenNo ,16GB ,M.2 NVME PCIE 3.0 SSD 1TB ,Nvidia RTX 3060 Graphics 6GB ,Windows 11 ,Star Black 362.0 x 264.0 x 19.9 - 21.4mm 2.40 Kg 
"ASUS ProArt Studiobook 16 OLED H5600QM Ryzen 9 5900HX RTX 3060 6GB Graphics 16"" OLED Laptop","325,000৳",AMD Ryzen 7 5900HX ,16 Inch 4K WQUXGA OLED 3840 x 2400 Touch ScreenNo ,32GB ,M.2 NVME PCIE 3.0 SSD 1TB ,Nvidia RTX 3060 Graphics 6GB ,Windows 11 ,Star Black 362.0 x 264.0 x 19.9 - 21.4mm 2.40 Kg 
"Asus ROG Flow X13 GV301QE Ryzen 9 5980HS RTX 3050 Ti 4GB Graphics (ROG XG Mobile GC31S with RTX 3080), 13.4"" 120Hz WUXGA Touch Gaming Laptop","356,470৳",AMD Ryzen 9 5980HS ,13.4-inch IPS  WQUXGA (3840 x 2400) Touch ScreenYes ,32GB(2X16GB) ,M.2 2230 NVMe PCIe 1TB SSD ,NVIDIA GeForce RTX 3050 Ti 4GB ,Windows 10 Home ,"Black (Supernova Edition) 29.9 x 22.2 x 1.58 ~ 1.58 cm (11.77"" x 8.74"" x 0.62"" ~ 0.62"") 1.30 Kg (2.87 lbs) "
"ASUS ProArt Studiobook 16 OLED H5600QR Ryzen 9 5900HX RTX 3070 8GB Graphics 16"" OLED Laptop","358,640৳",AMD Ryzen 7 5900HX ,16 Inch 4K WQUXGA OLED 3840 x 2400 Touch ScreenNo ,32GB ,M.2 NVME PCIE 3.0 SSD 1TB ,Nvidia RTX 3070 Graphics 8GB ,Windows 11 ,Star Black 362.0 x 264.0 x 19.9 - 21.4mm 2.40 Kg 
"ASUS Zenbook Pro 16X OLED UX7602ZM-ME132W Core i9 12th Gen RTX 3060 6GB Graphics 16"" 4K Touch Laptop","381,920৳",Intel i9-12900H ,16.0-inch OLED 4K (3840 x 2400) Touch ScreenYes ,32GB ,M.2 NVMe PCIe 4.0 Performance SSD 1TB ,"Intel Iris Xe Graphics
NVIDIA GeForce RTX 3060 6GB ","Windows 11 Home Other Pre-installed SoftwaresMyASUS
ProArt Creator Hub
ScreenXpert
GlideX ","Tech Black 35.50 x 25.10 x 1.69 ~ 1.78 cm 2.40 kg
2.20 kg (without Battery) Body MaterialAluminum "
"ASUS ProArt Studiobook Pro 16 OLED W7600H3A Core i7 11th Gen RTX A3000 6GB Graphics 16"" OLED Laptop","393,860৳",Intel Core i7-11800H ,16 Inch 4K WQUXGA OLED 3840 x 2400 Touch ScreenNo ,32GB ,M.2 NVME PCIE 3.0 SSD 1TB ,Nvidia RTX A3000 6GB ,Windows 11 ,Star Black 362.0 x 264.0 x 19.9 - 21.4mm 2.40 Kg 
"ASUS ZenBook 17 Fold OLED UX9702 Core i7 12th Gen 16GB RAM 1TB SSD 17.3"" Touch Display Foled Laptop","420,480৳",Intel Core i7-1250U ,17.3-inch FOLED (Foldable OLED) 2.5K (2560 x 1920) Touch Screen10 point multi-touch ,1X16GBONBOARD ,M.2 NVMe PCIe 4.0 Performance SSD 1TB ,Intel Iris Xe Graphics Shared ,Windows 11 Pro ,"Tech Black 37.85 x 28.76 x 0.87 ~ 1.29 cm (14.90"" x 11.32"" x 0.34"" ~ 0.51"") 1.50 kg (3.31 lbs) "
Acer Aspire 3 A315-23 Ryzen 3 3250U 8GB RAM 15.6'' FHD Laptop,"49,410৳",AMD Ryzen 3 3250U ,"15.6 FHD (1920x1080) Touch ScreenLED Display FeaturesAspect Ratio: 16:9, ComfyView Display ",8GB ,PCIe G3 SSD 256GB ,AMD Radeon Shared ,Windows 11 ,Charcoal Black Height: 1.99 cm; Width: 36.3 cm; Depth: 25 cm 1.9 kg 
"Acer Extensa 15 EX215-54-37AH Core i3 11th Gen 15.6"" FHD Laptop","52,670৳",Intel Core i3-1115G4 Processor ,15.6 Inch Full HD 1920 x 1080 Touch ScreenNo Display FeaturesHigh-brightness Acer ComfyView LED-backlit TFT LCD ,4GB ,2.5 inch HDD 1TB ,Intel UHD Graphics Shared ,Free DOS ,Black 363.4 x 250.5 x 19.90mm 1.90Kg 
"Acer Aspire 3 A315-58 Core i3 1115G4 11th Gen 15.6"" FHD Laptop","53,750৳",Intel Core i3-1115G4 ,15.6 Inch LED Full HD (1920 x 1080) Touch ScreenNo ,8GB ,PCIe G3 SSD 256GB SSD ,intel UHD Graphics Shared ,Windows 11 Home ,Pure Silver 363.4 mm x 238.4 mm x 19.90 mm 1.70 kg 
"Acer Aspire 3 A315-58 Core i3 11th Gen 512GB SSD 15.6"" FHD Laptop","55,920৳",Intel Core i3-1115G4 ,15.6 Inch LED Full HD (1920 x 1080) Touch ScreenNo ,8GB ,PCIe G3 SSD 512GB SSD ,intel UHD Graphics Shared ,Windows 11 Home ,Pure Silver 363.4 mm x 238.4 mm x 19.90 mm 1.70 kg 
"Acer TravelMate TMP214-53 Core i3 11th Gen 14"" FHD Laptop","58,000৳",Intel Core i3-1115G4 ,14 Inch IPS Full HD (1920X1080) Touch ScreenNo ,4GB ,HDD 1TB ,Intel UHD Graphics Shared ,Free DOS ,"Black Height: 19.90 mm
Width: 328 mm
Depth: 235.9 mm 1.68 kg "
"Acer TravelMate TMP215-53 Core i3 11th Gen 15.6"" FHD Laptop","58,000৳",Intel Core i3-1115G4 ,15.6 Inch IPS Full HD (1920X1080) Touch ScreenNo ,4GB ,HDD 1TB ,Intel UHD Graphics Shared ,Free DOS ,"Black Height: 19.90 mm
Width: 328 mm
Depth: 235.9 mm 1.68 kg "
"Acer TravelMate TMP214-53 Core i3 11th Gen 8GB RAM 14"" FHD Laptop","63,000৳",Intel Core i3-1115G4 ,14 Inch IPS Full HD (1920X1080) Touch ScreenNo ,8GB ,M.2 NVME SSD 512GB ,Intel UHD Graphics Shared ,Free DOS ,"Black Height: 19.90 mm
Width: 328 mm
Depth: 235.9 mm 1.68 kg "
"Acer TravelMate TMP215-53 Core i3 11th Gen 8GB RAM 15.6"" FHD Laptop","63,000৳",Intel Core i3-1115G4 ,15.6 Inch IPS Full HD (1920X1080) Touch ScreenNo ,8GB ,M.2 NVME SSD 512 GB ,Intel UHD Graphics Shared ,Free DOS ,"Black Height: 19.90 mm
Width: 328 mm
Depth: 235.9 mm 1.68 kg "
"Acer Extensa 15 EX215-54-596B Core i5 11th Gen 15.6"" FHD Laptop","63,470৳",Intel Core i5-1135G7 ,15.6 Inch Full HD 1920 x 1080 Touch ScreenNo Display FeaturesHigh-brightness Acer ComfyView LED-backlit TFT LCD ,8GB(1X8GB) , 2.5-inch HDD 1TB ,Intel Iris Xe Graphics Shared ,Free DOS ,Black 363.4 x 250.5 x 19.90mm 1.90Kg 
"Acer Aspire 3 A315-58 Core i5 11th Gen 512GB SSD 15.6"" FHD Laptop","69,300৳",Intel Core i5-1135G7 ,15.6 Inch LED Full HD (1920 x 1080) Touch ScreenNo ,8GB ,PCIe G3 SSD 512GB ,Intel Iris Xe Graphics Shared ,Windows 11 Home ,Pure Silver 363.4 mm x 238.4 mm x 19.90 mm 1.70 kg 
"Acer Aspire 5 A515-56 Core i5 11th Gen 15.6"" FHD Laptop With Backlit Keyboard","72,050৳",Intel Core i5-1135G7 ,15.6 inch IPS FHD (1920 x 1080) Touch ScreenNo ,8GB ,NVMe SSD 512 GB ,Intel IrisX Graphics Shared ,Windows 10 Home ,Pure Silver 363 x 238 x 17.9 mm 1.6 KG 
"Acer TravelMate TMP214-53 Core i5 11th Gen 512GB SSD 14"" FHD Laptop","72,740৳",Intel Core i5-1135G7 ,14 Inch IPS Full HD (1920X1080) Touch ScreenNo ,8GB ,M.2 NVME SSD 512GB ,Intel Iris Xe Graphics Shared ,Free DOS ,"Black Height: 19.90 mm
Width: 328 mm
Depth: 235.9 mm 1.68 kg "
"Acer TravelMate TMP214-53 Core i7 11th Gen 14"" FHD Laptop","85,000৳",Intel Core i7-1165G7 ,14 Inch IPS Full HD (1920X1080) Touch ScreenNo ,8GB ,HDD 1TB ,Intel Iris Xe Graphics Shared ,Free DOS ,"Black Height: 19.90 mm
Width: 328 mm
Depth: 235.9 mm 1.68 kg "
"Acer TravelMate TMP214-53 Core i7 11th Gen 512GB SSD 14"" FHD Laptop","91,180৳",Intel Core i7-1165G7 ,14 Inch IPS Full HD (1920X1080) Touch ScreenNo ,8GB ,M.2 NVME SSD 512GB ,Intel Iris Xe Graphics Shared ,Free DOS ,"Black Height: 19.90 mm
Width: 328 mm
Depth: 235.9 mm 1.68 kg "
"Acer Aspire 7 A715-42G-R2NE Ryzen 5 5500U GTX 1650 4GB Graphics 15.6"" FHD Gaming Laptop","99,860৳",AMD Ryzen 5 5500U ,15.6 Inch IPS Full HD (1920 x 1080) Touch ScreenNo ,8GB(4GBX2) ,"PCIe Gen3, 8 Gb/s, NVMe SSD 512 GB ",NVIDIA GeForce GTX 1650 4GB ,Windows 11 Home ,"Charcoal Black Height: 2.29 cm
Width: 36.3 cm
Depth: 25.4 cm 2.15 Kg "
"Acer Aspire 7 A715-51G Core i5 12th Gen GTX 1650 4GB Graphics 15.6"" FHD Gaming Laptop","105,290৳",Intel Core i5-1240P ,15.6 Inch IPS Full HD (1920 x 1080) Touch ScreenNo ,8GB(4GBX2) ,"PCIe Gen3, 8 Gb/s, NVMe SSD 512 GB ",NVIDIA GeForce GTX 1650 4GB ,Windows 11 Home ,"Obsidian Black Height: 1.9 cm
Width: 36.2 cm
Depth: 23.7 cm 2.1 Kg "
"Acer Aspire 7 A715-51G Core i5 12th Gen RTX 3050 4GB Graphics 15.6"" FHD Gaming Laptop","119,940৳",Intel Core i5-1240P ,15.6 Inch IPS Full HD (1920 x 1080) Touch ScreenNo ,8GB(4GBX2) ,"PCIe Gen3, 8 Gb/s, NVMe SSD 512 GB ",NVIDIA GeForce RTX 3050 4GB ,Windows 11 Home ,"Obsidian Black Height: 1.9 cm
Width: 36.3 cm
Depth: 23.8 cm 2.1 Kg "
"Acer Predator PH315-53 Intel Core i7 10th Gen RTX 2060 6GB Graphics 15.6"" 144Hz FHD Gaming Laptop","179,610৳",Intel Core i7-10750H ,15.6 Inch IPS  Full HD (1920 x 1080) Touch ScreenNo ,16GB ,NVMe PCIe  SSD + SATA HDD 256 GB SSD  + 1 TB HDD ,NVIDIA GEFORCE RTX 2060 6GB ,Windows 10 ,Abyss Black 0.90 x 14.2 x 10 inch 5.51 lb 
"Acer Nitro 5 AN515-46-R3U8 Ryzen 5 6600H RTX 3050 4GB Graphics 15.6"" QHD 165Hz Gaming Laptop","160,080৳",AMD Ryzen 5 6600H ,15.6 Inch IPS QHD (2560 x 1440) Touch ScreenNo ,8GB ,"PCIe Gen4, 16 Gb/s, NVMe SSD 1 TB ",NVIDIA GeForce RTX 3050 4GB ,Windows 11 Home ,"Obsidian Black Height: 2.5 cm
Width: 36.4 cm
Depth: 27.1 cm 2.5 Kg "
"Acer Nitro 5 AN515-45-R4TJ Ryzen 7 256GB SSD RTX 3050Ti 4GB Graphics 15.6"" FHD 144Hz Gaming Laptop","162,250৳",AMD  Ryzen 7 5800H ,15.6 Inch IPS  Full HD (1920 x 1080) Touch ScreenNo ,16GB ,PCIe NVMe SSD +  HDD 256GB + 1TB ,NVIDIA GeForce RTX 3050Ti 4GB ,Windows 11 Home ,Shale Black 23.90 x 23.90 x 255 mm 2.40 kg 
"Acer Predator Helios 300 PH315-54-77MK Core i7 11th Gen RTX 3060 6GB Graphics 15.6"" QHD 165Hz Gaming Laptop","198,060৳",Intel Core i7-11800H ,15.6 Inch IPS Full HD (1920 x 1080) Refresh Rate165 Hz ,16GB(2X8GB) ,PCIe NVMe Gen 4 SSD+ SATA HDD 512GB SSD + 1TB HDD ,NVIDIA GeForce RTX 3060 6GB ,Windows 11 Home ,Abyss Black 22.90 mm x 363 mm x 255 mm 2.50 kg 
"Acer Predator PH315-53 Intel Core i7 10th Gen RTX 3070 8GB Graphics 15.6"" 300Hz FHD Gaming Laptop","203,500৳",Intel Core i7-10870H ,15.6 Inch IPS  Full HD (1920 x 1080) Refresh Rate300Hz ,16GB ,PCI SSD 1 TB ,NVIDIA RTX 3070 8GB ,Windows 10 ,Abyss Black 0.90 x 14.2 x 10 inch 5.51 lb 
"Acer Nitro 5 AN515-58-74EF Core i7 12th Gen RTX 3060 6GB Graphics 15.6"" QHD 165Hz Gaming Laptop","231,690৳",Intel Core i7-12700H ,15.6 Inch IPS QHD (2560 x 1440) Touch ScreenNo ,16GB ,"PCIe Gen4, 16 Gb/s, NVMe SSD 1 TB ",NVIDIA GeForce RTX 3060 6GB ,Windows 11 Home ,"Obsidian Black Height: 2.69 cm
Width: 36.4 cm
Depth: 27.1 cm 2.5 Kg "
"Acer Predator Helios 300 PH315-54-78C9 Core i7 11th Gen RTX 3070 8GB Graphics 15.6"" FHD 300Hz Gaming Laptop","247,500৳",Intel Core i7-11800H ,15.6 Inch IPS  FHD (1920 x 1080) Touch ScreenNo ,32GB(2X16) ,PCIe NVMe Gen 4 SSD+ SATA HDD 512GB SSD + 1TB HDD ,NVIDIA GeForce RTX 3070 8GB ,Windows 11 Home ,Abyss Black 22.90 mm x 363 mm x 255 mm 2.50 kg 
"MSI Modern 14 B11MO Core i3 11th Gen 14"" FHD Laptop","63,520৳",Intel  Core i3-1115G4 ,14.0 Inch IPS-Level FHD (1920x1080) Touch ScreenNo ,8GB , NVMe PCIe Gen3x4 SSD 512GB ,Intel UHD Graphics Shared ,Free Dos ,Carbon Gray 319 x 219 x 16.9 mm 1.3 kg Body MaterialMetal 
"MSI Modern 14 Ryzen 7 5700U 14"" FHD Laptop","92,500৳",AMD Ryzen 7 5700U ,14 Inch IPS FHD (1920x1080) Touch ScreenNo ,8GB ,NVMe SSD 512GB ,AMD Radeon Graphics Shared ,Windows 11 Home ,Carbon Gray 319 x 219 x 16.9-18.1 mm 1.3 kg Body MaterialUltra slim 18.9 mm aluminum chassis 
"MSI Modern 15 B12M Core i7 12th Gen 8GB RAM 15.6"" FHD Laptop","100,950৳",Intel Core i7-1255U ,15.6 Inch IPS FHD (1920*1080) Touch ScreenNo ,8GB ,NVMe PCIe Gen3x4 SSD 512GB ,Intel Iris Xe Shared ,Windows 11 Home ,Classic Black 359 x 241 x 19.9 mm 1.7 kg 
"MSI GF63 THIN 11SC Core i5 11th Gen GTX 1650 4GB Graphics 15.6"" FHD 144hz Gaming Laptop","104,750৳",Intel Core i5-11400H ,"15.6"" IPS FHD (1920x1080) Refresh Rate144Hz ",8GB ,NVMe 512GB ,NVIDIA GeForce GTX 1650 4GB ,Windows 11 Home ,Black 359 x 254 x 21.7 mm 4.10 lbs/ 1.86KG 
"MSI Bravo 15 B5DD Ryzen 5 5600H RX 5500M 4GB Graphics 15.6"" FHD 144Hz Gaming Laptop","121,000৳",AMD Ryzen 5 5600H ,15.6 Inch IPS FHD (1920x1080) Touch ScreenNo ,8GB ,NVMe PCIe Gen3x4 SSD 512GB ,AMD Radeon RX 5500M 4GB ,Windows 11 Home ,Titanium Grey 359 x 259 x 24.95 mm 2.35 kg Body MaterialMetallic Body 
"MSI GF63 THIN 11UC Core i5 11th Gen 512GB SSD RTX 3050 Max-Q 4GB Graphics 15.6"" FHD Gaming Laptop","122,750৳",Intel Core i5-11400H ,15.6 Inch IPS-Level FHD (1920*1080) Touch ScreenNo ,8GB ,NVMe PCIe Gen3x4 SSD 512GB ,NVIDIA GeForce RTX 3050 Max-Q Shared ,Windows 10 Original ,"Black 14.13"" x 9.99"" x 0.85"" 4.10 lbs/ 1.86KG "
"MSI Prestige 14 A11SB Core i7 11th Gen MX450 2GB Graphics 14"" FHD Laptop","148,500৳",Intel Core i7-1185G7 ,14 Inch IPS FHD (1920 x 1080) Touch ScreenNo ,16GBONBOARD ,PCIe SSD 1TB ,Nvidia MX450 2GB ,Windows 10 Home ,Rose Pink 319 x 219 x 16 mm 1.29 kg 
"MSI Prestige 14 A11SCX Core i7 11th Gen GTX1650 Max-Q 4GB graphics 14"" UHD Laptop","154,660৳",Intel Core i7-1185G7 ,14 Inch IPS UHD (3840 x 2160) Touch ScreenNo ,16GB ,NVMe PCIe Gen4x4 SSD 1TB ,GTX1650 Max-Q 4GB ,Windows 10 Home Ultra ,"Pure White
Rose Pink
Carbon Gray 319 x 219 x 15.9 mm 1.29 kg Body MaterialMetal "
"MSI Summit E14 A11SCS Core i7 11th Gen GTX 1650 Ti Max-Q 4GB Graphics 14"" UHD Laptop","155,160৳",Intel Core i7-1185G7 ,14 Inch IPS UHD (3840x2160) Touch ScreenNo ,16GBONBOARD ,1TB NVMe PCIe Gen4x4 SSD ,GTX1650 Ti Max-Q 4GB ,Windows 10 Home ,Ink Black 319 x 219 x 15.9 mm 1.32 kg Body MaterialMetal 
"MSI Creator M16 A12UC Core i7 12th Gen RTX 3050 4GB Graphics 16"" QHD+ Laptop","180,700৳",Intel Core i7-12700H ,16 inch IPS QHD+ (2560 x 1600) Touch ScreenYes ,16GB(8GBX2) , NVMe PCIe Gen4x4 SSD 512GB ,NVIDIA GeForce RTX 3050 4GB ,Windows 10 Home ,Black 359 x 259 x 23.95 mm 2.26 kg 
"MSI Creator Z16 A11UET Core i7 11th Gen RTX 3060 Max-Q 6GB Graphics 16"" QHD Gaming Laptop","242,000৳",Intel Core i7-11800H ,16 inch IPS-Level QHD+ (2560 x 1600) Touch ScreenYes ,16GB(8GBX2) , NVMe PCIe Gen4 SSD 512GB ,NVIDIA GeForce RTX 3060 6GB ,Windows 10 Home ,Lunar Gray 359 x 256 x 15.9 mm 2.2 kg 
"MSI Vector GP66 12UEO Core i7 12th Gen RTX 3060 6GB Graphics 15.6"" FHD 240Hz Gaming Laptop","245,800৳",Intel Core i7-12700H ,15.6 Inch IPS FHD (1920×1080) Touch ScreenNo ,16GB(8GBX2) ,NVMe PCIe Gen4 SSD 1TB ,NVIDIA GeForce RTX 3060 6GB ,Windows11 Home ,Core Black 358 x 267 x 23.4 mm 2.38 kg 
"MSI Summit E16Flip A12UCT Core i7 12th Gen RTX 3050 4GB Graphics 16"" QHD+ 165Hz Touch Laptop","268,580৳",Intel Core i7-1280P ,"16 Inch IPS QHD+ (2560 x 1600) Touch ScreenYes
Support MSI Pen ",32GB ,NVMe PCIe Gen4x4 SSD 1TB ,NVIDIA GeForce RTX 3050 Max-Q 4GB ,Windows11 Pro ,Black 358 x 258.55 x 16.85 mm 1.9 kg 
"Apple MacBook Air 13.3-Inch Retina Display 8-core Apple M1 chip with 8GB RAM, 256GB SSD (MGN63) Space Gray","120,480৳",Apple M1 chip ,13.3-inch Retina display with IPS technology 2560 X 1600 Touch ScreenNo ,8GB ,SSD 256GB ,Apple 7-core GPU Shared ,macOS ,"Space Gray Thickness: 0.41 to 1.61 cm (0.16 to 0.63 inches)
Width: 30.41 cm (11.97 inches)
Depth: 21.24 cm (8.36 inches) 1.29 kg (2.8 lbs) "
"Apple MacBook Air 13.3-Inch Retina Display 8-core Apple M1 chip with 8GB RAM, 256GB SSD (MGND3) Gold","122,060৳",Apple M1 chip ,13.3-inch Retina display with IPS technology 2560x1600 Touch ScreenNo ,8GB ,SSD 256GB ,Apple 7-core GPU Shared ,macOS ,"Gold Thickness: 0.41 to 1.61 cm (0.16 to 0.63 inches)
Width: 30.41 cm (11.97 inches)
Depth: 21.24 cm (8.36 inches) 1.29 kg (2.8 lbs) "
Apple MacBook Air (2022) Apple M2 Chip 13.6-Inch Liquid Retina Display 8GB RAM 256GB SSD Starlight #MLY13LL/A / MLY13ZP/A,"154,110৳",Apple M2 chip ,13.6-inch Liquid Retina display 2560x1664 Touch ScreenNo ,8GB ,SSD 256GB ,Apple 8-core GPU Shared ,macOS ,"Starlight Height: 0.44 inch (1.13 cm)
Width: 11.97 inches (30.41 cm)
Depth: 8.46 inches (21.5 cm) 2.7 pounds (1.24 kg) "
Apple MacBook Air (2022) Apple M2 Chip 13.6-Inch Liquid Retina Display 8GB RAM 256GB SSD Silver #MLXY3LL/A / MLXY3ZP/A,"154,110৳",Apple M2 chip ,13.6-inch Liquid Retina display 2560x1664 Touch ScreenNo ,8GB ,SSD 256GB ,Apple 8-core GPU Shared ,macOS ,"Silver Height: 0.44 inch (1.13 cm)
Width: 11.97 inches (30.41 cm)
Depth: 8.46 inches (21.5 cm) 2.7 pounds (1.24 kg) "
Apple MacBook Air (2022) Apple M2 Chip 13.6-Inch Liquid Retina Display 8GB RAM 256GB SSD Space Gray #MLXW3LL/A / MLXW3ZP/A,"154,110৳",Apple M2 chip ,13.6-inch Liquid Retina display 2560x1664 Touch ScreenNo ,8GB ,SSD 256GB ,Apple 8-core GPU Shared ,macOS ,"Space Gray Height: 0.44 inch (1.13 cm)
Width: 11.97 inches (30.41 cm)
Depth: 8.46 inches (21.5 cm) 2.7 pounds (1.24 kg) "
Apple MacBook Air (2022) Apple M2 Chip 13.6-Inch Liquid Retina Display 8GB RAM 256GB SSD Midnight #MLY33LL/A / MLY33ZP/A,"154,110৳",Apple M2 chip ,13.6-inch Liquid Retina display 2560x1664 Touch ScreenNo ,8GB ,SSD 256GB ,Apple 8-core GPU Shared ,macOS ,"Midnight Height: 0.44 inch (1.13 cm)
Width: 11.97 inches (30.41 cm)
Depth: 8.46 inches (21.5 cm) 2.7 pounds (1.24 kg) "
Apple MacBook Air (2022) Apple M2 Chip 13.6-Inch Liquid Retina Display 8GB RAM 512GB SSD Space Gray #MLXX3LL/A,"187,210৳",Apple M2 chip ,13.6-inch Liquid Retina display 2560x1664 Touch ScreenNo ,8GB ,SSD 512GB ,Apple 10-core GPU Shared ,macOS ,"Space Gray Height: 0.44 inch (1.13 cm)
Width: 11.97 inches (30.41 cm)
Depth: 8.46 inches (21.5 cm) 2.7 pounds (1.24 kg) "
Apple MacBook Air (2022) Apple M2 Chip 13.6-Inch Liquid Retina Display 8GB RAM 512GB SSD Midnight #MLY43LL/A,"187,210৳",Apple M2 chip ,13.6-inch Liquid Retina display 2560x1664 Touch ScreenNo ,8GB ,SSD 512GB ,Apple 10-core GPU Shared ,macOS ,"Midnight Height: 0.44 inch (1.13 cm)
Width: 11.97 inches (30.41 cm)
Depth: 8.46 inches (21.5 cm) 2.7 pounds (1.24 kg) "
Apple MacBook Pro 16-inch M2 Pro 16GB RAM 1TB SSD Space Gray (MNW93),"385,000৳",Apple M2 Pro chip ,16.2-inch Liquid Retina XDR 3456x2234 (254 pixels per inch) Touch ScreenNo ,16GBUNIFIEDMEMORY ,SSD 1TB ,19-core GPU Shared ,macOS ,"Space Gray Height 0.66 inch (1.68 cm)
Width: 14.01 inches (35.57 cm)
Depth: 9.77 inches (24.81 cm) 4.7 pounds (2.15 kg) "
Apple MacBook Pro 16-Inch M1 Pro Chip 32GB RAM 1TB SSD Space Gray (Z14W00105),"412,500৳",Apple M1 Max Pro ,16.2-inch Liquid Retina XDR Display 3456 x 2234 Touch ScreenNo ,32GB ,SSD 1TB ,Apple 16-Core GPU Shared ,macOS ,"Space Gray Height: 1.68cm
Width: 35.57cm
Depth: 24.81cm 2.1 kg "
"Toshiba Dynabook Satellite Pro C40-G-109 Celeron 5205U 14"" HD Laptop","32,380৳",Intel Celeron 5205U ,"14 Inch HD (1,366 x 768) Touch ScreenNo Display Features16:9 LED Backlit, Non-reflective Anti-Glare ",4GB ,M.2 SATA SSD 128GB ,Intel UHD Graphics Shared ,Windows 10 Pro ,Dark Blue 328 x 224.8 x 18.9 mm 1.55 kg 
"Toshiba Dynabook Satellite Pro C40-G-11I Core i3 10th Gen 14"" HD Laptop","48,870৳",Intel Core i3 10110U ,"14 Inch HD (1,366 x 768) Touch ScreenNo Display Features16:9 LED Backlit, Non-reflective Anti-Glare ",8GB ,M.2 SATA SSD 256GB ,Intel UHD Graphics Shared ,Free Dos ,Dark Blue 328 x 224.8 x 18.9 mm 1.55 kg 
"Toshiba Dynabook Satellite Pro C40-G-13E Core i5 10th Gen 14"" HD Laptop","58,630৳",Intel Core i5-10210U ,"14 Inch HD (1,366 x 768) Touch ScreenNo Display Features16:9 LED Backlit, Non-reflective Anti-Glare ",8GB ,M.2 SATA SSD 256GB ,Intel UHD Graphics Shared ,Windows 11 Home ,Dark Blue 328 x 224.8 x 18.9 mm 1.55 kg 
"Walton Passion BX310U Core i3 10th Gen 15.6"" FHD Laptop","50,450৳",Intel Core i3 10110U ,15.6 inch FHD (1920 x 1080) Touch ScreenNo Display FeaturesAnti-glare LED-backlit display ,8GB ,SATAIII M.2 2280 SSD 512GB ,Intel UHD Graphics Shared ,Windows 10 ,"Grey Height: 19.7mm
Width: 360.4mm
Depth: 239.3mm 1.59kg "
"Walton Passion BP5800 Core i5 8th Gen 15.6"" HD Laptop","55,000৳",Intel Core i5-8250U ,"15.6 inch HD(1366x768) Touch ScreenNo Display Features16:9 panel, 3.2mm Display ",8GB ,HDD 1TB ,Intel UHD Graphics Shared ,Windows 10 ,Black 377(W) x 259(D) x 24.8(H)mm 2.2kg 
"Walton Tamarind MX311G Core i3 11th Gen 14"" FHD Laptop","58,190৳",Intel Core i3-1115G4 ,14.0 Inch IPS FHD (1920x1080) Touch ScreenNo ,8GB ,"M.2 2280, PCIe Gen3x4 SSD 512GB ",Intel UHD Graphics Shared ,Genuine Windows 11 ,"Sky Blue Height: 17.6mm
Width: 324.9mm
Depth: 225mm 1.40kg "
"Walton Passion BP7800 Core i7 8th Gen 15.6"" HD Laptop","62,470৳",Intel Core i7-8550U ,"15.6 inch HD(1366x768) Touch ScreenNo Display Features16:9 panel, 3.2mm Display ",8GB ,HDD 1TB ,Intel UHD Graphics Shared ,Windows 10 ,Black 377(W) x 259(D) x 24.8(H)mm 2.2kg 
"Walton Passion BX510U Core i5 10th Gen 15.6"" FHD Laptop","65,325৳",Intel Core i5-10210U ,15.6 inch FHD (1920 x 1080) Touch ScreenNo Display FeaturesAnti-glare LED-backlit display ,8GB ,SATAIII M.2 2280 SSD 512GB ,Intel UHD Graphics Shared ,Windows 10 ,"Black Height: 19.7mm
Width: 360.4mm
Depth: 239.3mm 1.59kg "
"Walton Tamarind MX511G Core i5 11th Gen 14"" FHD Laptop","72,358৳",Intel Core i5-1135G7 ,14.0 Inch IPS FHD (1920x1080) Touch ScreenNo ,8GB ,"M.2 2280, PCIe Gen3x4 SSD 512GB ",Intel UHD Graphics Shared ,Genuine Windows 11 ,"Sky Blue Height: 17.6mm
Width: 324.9mm
Depth: 225mm 1.40kg "
"Walton Passion BX710U Core i7 10th Gen 15.6"" FHD Laptop","75,450৳",Intel Core i7-10510U ,15.6 inch FHD (1920 x 1080) Touch ScreenNo Display FeaturesAnti-glare LED-backlit display ,8GB ,SATAIII M.2 2280 SSD 512GB ,Intel UHD Graphics Shared ,Windows 10 ,"Black Height: 19.7mm
Width: 360.4mm
Depth: 239.3mm 1.59kg "
"Walton Tamarind MX711G Core i7 11th Gen 14"" FHD Laptop","85,514৳",Intel Core i7-1165G7 ,14.0 Inch IPS FHD (1920x1080) Touch ScreenNo ,8GB ,"M.2 2280, PCIe Gen3x4 SSD 512GB ",Intel UHD Graphics Shared ,Genuine Windows 11 ,"Sky Blue Height: 17.6mm
Width: 324.9mm
Depth: 225mm 1.40kg "
"Huawei MateBook D15 Core i3 11th Gen 15.6"" FHD Laptop","64,600৳",Intel Intel Core i3-1115G4 ,15.6 inch IPS FHD (1920 x 1080) Touch ScreenNo ,8GB ,NVMe PCle SSD 256GB ,Intel UHD Graphics Shared ,Windows 11 Home ,Mystic Silver 357.8 x 229.9 x 16.9 mm Approx. 1.63 kg Body MaterialAluminum alloy 
"HUAWEI MateBook B3-520 Core i3 11th Gen 15.6"" FHD Laptop","64,600৳",Intel Core i3-1115G4 ,15.6 inch IPS FHD (1920 x 1080) Touch ScreenNo ,8GB ,NVMe PCIe SSD 256 GB ,Intel UHD Graphics Shared ,Windows 11 home ,"Space Gray Width: 357.8 mm
Depth: 229.9 mm
Height: 16.9 mm 1.56 kg Body MaterialMetal Body "
"Huawei MateBook D15 Core i5 11th Gen 15.6"" FHD Laptop","81,420৳",Intel Core i5-1135G7 ,15.6 inch IPS FHD (1920 x 1080) Touch ScreenNo ,8GB ,NVMe PCle SSD 512GB ,Intel Iris Xe Graphics Shared ,Windows 11 Home ,Mystic Silver 357.8 x 229.9 x 16.9 mm Approx. 1.63 kg Body MaterialAluminum alloy 
"Huawei MateBook B3-420 Core i5 11th Gen 14"" FHD Laptop","81,420৳",Intel Core i5-1135G7 ,14 inch IPS FHD (1920 x 1080) Touch ScreenNo ,8GB ,NVMe PCle SSD 512GB ,Intel Iris Xe Graphics Shared ,Windows 11 Home ,"Mystic Silver Width: 322.5 mm
Depth: 214.8 mm
Height: 15.9 mm Approx. 1.38 kg Body MaterialMetal "
"HUAWEI MateBook B3-520 Core i5 11th Gen 15.6"" FHD Laptop","81,420৳",Intel Core i5-1135G7 ,15.6 inch IPS FHD (1920 x 1080) Touch ScreenNo ,8GB ,NVMe PCIe SSD 512 GB ,Intel Iris Xe Graphics Shared ,Windows 10 Pro ,"Space Gray Width: 357.8 mm
Depth: 229.9 mm
Height: 16.9 mm 1.56 kg Body MaterialMetal Body "
"HUAWEI MateBook D16 Core i5 12th Gen 16"" FHD Laptop","106,370৳",Intel Core i5-12450H ,16 inch IPS FHD (1920 x 1080) Touch ScreenNo ,16GB ,NVMe PCle SSD 512GB ,Intel UHD Graphics Shared ,Windows 11 Home ,"Mystic Silver Width: 356.7 mm
Depth: 248.7 mm
Height: 18.4 mm Approx. 1.7 kg Body MaterialAluminum alloy "
"GIGABYTE G5 KE Core i5 12th Gen RTX 3060 6GB Graphics 15.6"" FHD 144Hz Gaming Laptop","161,670৳",Intel Core i5-12500H ,15.6 Inch IPS FHD (1920x1080) Touch ScreenNo ,8GB ,M.2 NVMe PCIe Gen4 SSD 512GB SSD ,NVIDIA GeForce RTX 3060 6GB ,Windows 11 Home ,"Mate Black 36.0 (W) x 23.8 (D) x 2.39(H) cm
14.2(W) x 9.4(D) x 0.94(H) inch 1.99kg "
"GIGABYTE AERO 15 OLED KC Core i7 10th Gen RTX 3060P 6GB Graphics 15.6"" UHD Gaming Laptop","222,430৳",Intel Core i7-10870H ,15.6 Inch AMOLED UHD 3840x2160 Touch ScreenNO ,16GB(8GBX2) ,NVMe PCIe SSD 512GB ,NVIDIA GeForce RTX 3060P 6GB ,Windows 10 Home ,"Black 356(W) x 250(D) x 20(H) mm
14.0(W) x 9.8(D) x 0.78(H) inch 2 kg
4.4 lb "
"GIGABYTE Aorus 15P XD Core i7 11th Gen RTX 3070 8GB Graphics 15.6"" FHD Gaming Laptop","241,460৳",Intel Core i7-11800H ,15.6 Inch IPS FHD 1920x1080 Touch ScreenNO ,16GB(8GBX2) , M.2 NVMe SSD 1TB ,NVIDIA GeForce RTX 3070 8GB ,Windows 10 Home ,"Black 357(W) x 244(D)x27(H)mm
14.0(W) x 9.6(D) x 1.06(H) inch 2.2kg
4.8 lb "
GIGABYTE AERO 5 KE4 Core i7 12th Gen RTX 3060 6GB Graphics 15.6'' 4K UHD OLED Gaming Laptop,"240,870৳",Intel Core i7-12700H ,15.6 Inch OLED 4K UHD (3840x2160) Touch ScreenNo ,16GB(8GBX2) ,NVMe PCIe Gen4 SSD 1TB ,NVIDIA GeForce RTX 3060 6GB ,Windows 11 Home ,"Mate Black 35.7(W) x 25.4(D) x 2.36 ~ 2.74(H) cm
14.0(W) x 10.0(D) x 0.93 ~1.08(H) inch 2.30 kg
5.07 lb "
"GIGABYTE Aorus 15G XC Core i7 10th Gen RTX 3070Q 8GB Graphics 15.6"" 240Hz FHD Gaming Laptop","246,300৳",Intel Core i7-10870H ,15.6 Inch IPS FHD 1920x1080 Touch ScreenNo ,32GB(16GBX2) ,NVMe PCIe SSD 512GB ,NVIDIA GeForce RTX 3070Q 8GB ,Windows 10 Home ,"Black 357(W) x 244(D)x23(H)mm
14.0(W) x 9.6(D) x 0.9(H) inch 2.0kg
4.4 lb "
GIGABYTE AORUS 5 SE4 Core i7 12th Gen RTX 3070 8GB Graphics 15.6'' FHD 240Hz Gaming Laptop,"250,140৳",Intel Core i7-12700H ,15.6 Inch IPS FHD (1920x1080) Touch ScreenNo ,16GB(8GBX2) ,NVMe PCIe Gen4 SSD 512GB ,NVIDIA GeForce RTX 3070 8GB ,Windows 11 Home ,"Mate Black 35.7(W) x 25.4(D) x 2.36 ~ 2.74(H) cm
14.0(W) x 10.0(D) x 0.93 ~1.08(H) inch 2.30 kg
5.07 lb "
"GIGABYTE G5 GD Core i5 11th Gen RTX 3050 4GB Graphics 15.6"" FHD Gaming Laptop","121,000৳",Intel Core i5-11400H ,15.6 Inch IPS FHD (1920x1080) Touch ScreenNo ,16GB(8GBX2) ,M.2 NVMe PCIe 512GB ,NVIDIA GeForce RTX 3050 4GB ,Windows 11 Home ,"Mate Black 36.1(W) x 25.8(D) x 2.59 ~ 3.18cm
14.21(W) x 10.15(D) x 1.02 ~ 1.26(H) inch 2.2 kg "
